Hotel_name,name,rating,review
Hotel Gran Mahakam,Robert Gow,4.0,"['old', 'boutiqu', 'hotel', 'well', 'maintain', 'recept', 'concierg', 'restaur', 'housekeep', 'secur', 'staff', 'polit', 'help', 'room', 'amen', 'complet', 'stay', 'standard', 'room', 'later', 'upgrad', 'delux', 'suit', 'found', 'bed', 'comfort', 'insuffici', 'number', 'power', 'outlet', 'accommod', 'laptop', 'charger', 'tablet', 'phone', 'purchas', 'cabl', 'extens', 'block', 'mall', 'conveni', 'locat', 'meter', 'hotel', 'high', 'recommend', 'gran', 'mahakam', 'hotel', 'busi', 'famili', 'travel']"
Hotel Gran Mahakam,Oggi Gunadi,5.0,"['outstand', 'servic', 'first', 'sight', 'first', 'impress', 'made', 'secur', 'valet', 'bell', 'boy', 'greet', 'us', 'assist', 'luggag', 'door', 'girl', 'greet', 'escort', 'recept', 'staff', 'profession', 'manner', 'smile', 'assist', 'found', 'room', 'well', 'maintain', 'sanit', 'label', 'place', 'creat', 'comfort', 'stay']"
Hotel Gran Mahakam,Fifi Muliadi,5.0,"['work', 'frequent', 'visit', 'hotel', 'meet', 'lunch', 'dinner', 'alway', 'like', 'special', 'boutiqu', 'hotel', 'wed', 'recept', 'well', 'handl', 'hadi', 'praja', 'everyth', 'point', 'fantast', 'check', 'wed', 'recept', 'check', 'guest', 'prais', 'good', 'food', 'great', 'valet', 'servic', 'complaint', 'access', 'hotel', 'saturday', 'night', 'heavi', 'traffic', 'thank', 'gran', 'mahakam']"
Hotel Gran Mahakam,Renatha P,5.0,"['eat', 'luncheon', 'privat', 'room', 'pax', 'round', 'tabl', 'fine', 'dine', 'good', 'servic', 'friend', 'staff', 'help', 'take', 'pictur', 'us', 'room', 'servic', 'locat']"
Hotel Gran Mahakam,Swathi V,5.0,"['stay', 'combin', 'quarantin', 'normal', 'stay', 'easili', 'best', 'quarantin', 'food', 'far', 'delight', 'dessert', 'includ', 'hotel', 'fulli', 'open', 'due', 'covid', 'closur', 'spa', 'limit', 'pool', 'servic', 'howev', 'everyth', 'els', 'delight', 'staff', 'servic', 'amaz', 'assist', 'swift', 'matter', 'food', 'restaur', 'delici', 'guest', 'breakfast', 'option', 'even', 'complimentari', 'room', 'breakfast']"
Hotel Gran Mahakam,Exao Original,5.0,"['room', 'facil', 'standart', 'normal', 'hotel', 'staff', 'truli', 'amaz', 'polit', 'help', 'hotel', 'also', 'provid', 'place', 'perform', 'jumat', 'prayer', 'awesomeroom', 'servic', 'locat']"
Hotel Gran Mahakam,Raymond Valiant Ruritan,4.0,"['say', 'small', 'hotel', 'agreabl', 'servic', 'spent', 'time', 'special', 'util', 'restaur', 'breakfast', 'luncheon', 'meet', 'accept', 'well', 'serv']"
Hotel Gran Mahakam,Yoelto,4.0,"['good', 'build', 'place', 'locat', 'littl', 'lack', 'park', 'felt', 'comfort', 'build', 'homey', 'delici', 'soto', 'betawi', 'servic', 'locat']"
Hotel Gran Mahakam,David Lang,5.0,"['true', 'star', 'experi', 'staff', 'attent', 'help', 'accommod', 'immacul', 'room', 'servic', 'wonder', 'high', 'recommend', 'stay', 'south', 'jakarta', 'room', 'servic', 'locat']"
Hotel Gran Mahakam,Aliya Nursabrina,5.0,"['classic', 'boutiqu', 'hotel', 'alway', 'favorit', 'love', 'buffet', 'either', 'bfast', 'dinner', 'much', 'room', 'servic', 'locat']"
Hotel Gran Mahakam,T Susatyo,5.0,"['amaz', 'star', 'hotel', 'south', 'jakarta', 'attent', 'help', 'staff', 'luxuri', 'design', 'super', 'clean', 'room', 'comfort', 'bed', 'food', 'great', 'room', 'servic', 'locat']"
Hotel Gran Mahakam,Heru Pratomo,5.0,"['great', 'place', 'staycat', 'would', 'love', 'stay', 'later', 'thx', 'servic', 'breakfast', 'also', 'great', 'tasteroom', 'servic', 'locat']"
Hotel Gran Mahakam,NATALIA MARGARET THATCHER,4.0,"['wed', 'parti', 'good', 'wed', 'gather', 'space', 'park', 'area', 'small']"
Hotel Gran Mahakam,Emma Ewaldsson,5.0,"['hour', 'long', 'flight', 'seattl', 'jakarta', 'day', 'quarantin', 'hotel', 'amaz', 'pain', 'paid', 'great', 'food', 'friend', 'staff']"
Hotel Gran Mahakam,Adink,4.0,"['old', 'hotel', 'maintain', 'well', 'great', 'locat', 'tasti', 'breakfastroom', 'servic', 'locat']"
Hotel Gran Mahakam,Annisa Diana,5.0,"['one', 'comfort', 'hotel', 'south', 'jakarta', 'love', 'ambienc', 'cleanli', 'staff', 'treat', 'us', 'realli', 'well', 'got', 'room', 'th', 'floor', 'citylight', 'view', 'night', 'locat', 'blok', 'realli', 'strateg', 'go', 'everywher', 'foot', 'easili', 'mayb', 'due', 'pandem', 'serv', 'basic', 'menu', 'breakfast', 'much', 'variant', 'menu', 'serv']"
Hotel Gran Mahakam,Anita Harriyanti,5.0,"['nice', 'place', 'comfort', 'classi', 'lil', 'bit', 'narrow', 'interrior', 'good']"
Hotel Gran Mahakam,davy Sukamta,5.0,"['grand', 'old', 'dame', 'beauti', 'hotel', 'locat', 'right', 'hearth', 'blok', 'kebayoran', 'baru', 'design', 'art', 'noveau', 'style', 'boutiqu', 'hotel', 'provid', 'decent', 'size', 'room', 'pool', 'sever', 'restaur', 'servic', 'first', 'rate', 'buffet', 'lunch', 'dinner', 'great', 'bar', 'cozi', 'provid', 'park', 'space', 'basement']"
Hotel Gran Mahakam,Mida Hardo,5.0,"['stay', 'gran', 'mahakam', 'repatri', 'stay', 'day', 'night', 'per', 'current', 'govenr', 'regul', 'felt', 'grate', 'get', 'room', 'hotel', 'staff', 'met', 'airport', 'friend', 'help', 'help', 'us', 'find', 'local', 'sim', 'card', 'still', 'continu', 'connect', 'social', 'media', 'wait', 'pcr', 'result', 'check', 'flawless', 'helpful', 'reach', 'around', 'access', 'hotel', 'bit', 'confus', 'start', 'due', 'regul', 'main', 'street', 'block', 'howev', 'got', 'resolv', 'call', 'hotel', 'recept', 'gave', 'clear', 'direct', 'driver', 'car', 'comfort', 'alphard', 'pick', 'us', 'nice', 'sekoteng', 'ginger', 'sweet', 'drink', 'sent', 'room', 'warm', 'us', 'rest', 'well', 'much', 'pamper', 'sophist', 'menu', 'select', 'regular', 'kid', 'menu', 'vegetarian', 'glutten', 'free', 'menus', 'most', 'order', 'indonesian', 'food', 'stay', 'also', 'work', 'quarantin', 'wifi', 'connect', 'okay', 'glitch', 'still', 'accept', 'ask', 'hotel', 'help', 'print', 'import', 'document', 'everytim', 'need', 'extra', 'item', 'ie', 'adaptor', 'yoga', 'mat', 'water', 'bottl', 'staff', 'provid', 'immedi', 'let', 'share', 'pictur', 'give', 'idea', 'enjoy', 'stay', 'thank', 'everyon']"
Hotel Gran Mahakam,Jane Koh,5.0,"['nice', 'boutiqu', 'hotel', 'lot', 'eateri', 'street', 'food', 'nearbi']"
Hotel Gran Mahakam,Achmad Rafiq Kamaluddin,5.0,"['amaz', 'hotel', 'want', 'see', 'hotel', 'like', 'europ', 'go', 'grand', 'mahakamroom', 'servic', 'locat']"
Hotel Gran Mahakam,Ayu Andika,5.0,"['excel', 'hotel', 'good', 'ambienc', 'great', 'food', 'love', 'itroom', 'servic', 'locat']"
Hotel Gran Mahakam,Ilham Nugraha,5.0,"['enjoy', 'stay', 'hotel', 'food', 'delici', 'could', 'eat', 'tasti', 'think', 'good', 'one', 'ot', 'two', 'day', 'stay']"
Hotel Gran Mahakam,Arni Pamungkas,5.0,"['small', 'eleg', 'hotel', 'often', 'use', 'wed', 'covid', 'protocol', 'well', 'appli', 'hotel', 'nice', 'friend', 'staff', 'park', 'lot', 'limit', 'special', 'wed']"
Hotel Gran Mahakam,Ambrosius Pin Pin Wijaya,5.0,"['servic', 'fast', 'friend', 'varieti', 'food', 'good', 'dinner', 'bit', 'limit', 'breakfast', 'tast', 'fantast', 'atmospher', 'nice', 'cozi', 'love', 'experi']"
Hotel Gran Mahakam,Putri Nur Indah Pratiwi,5.0,"['vintag', 'architectur', 'style', 'excel', 'servic', 'good', 'attitud', 'room', 'servic', 'locat']"
Hotel Gran Mahakam,Bagas Danara,5.0,"['beauti', 'hotel', 'good', 'room', 'great', 'hospit', 'room', 'servic', 'locat']"
Hotel Gran Mahakam,Atinna Amyrta,3.0,"['great', 'breakfast', 'time', 'staff', 'even', 'guest', 'room', 'checklist', 'breakfast', 'session', 'anyon', 'could', 'come', 'mention', 'made', 'room', 'number', 'furthermor', 'park', 'attend', 'even', 'give', 'hotel', 'park', 'ticket', 'base', 'reason', 'forgotten', 'insignific', 'mistak', 'might', 'turn', 'big', 'share', 'without', 'intent', 'leav', 'bad', 'review', 'honest', 'hope', 'hotel', 'keep', 'improv', 'guest', 'review']"
Hotel Gran Mahakam,Rike Bewinda,5.0,"['lunch', 'best', 'friend', 'yes', 'anoth', 'birthday', 'treat', 'good', 'staff', 'give', 'friend', 'welcom', 'sinc', 'come', 'earlier', 'restaur', 'start', 'open', 'lunch', 'time', 'lot', 'variat', 'food', 'yes', 'east', 'west', 'complet', 'buffet', 'love', 'sushi', 'veget', 'stir', 'fri', 'sweet', 'cake', 'section', 'also', 'serv', 'local', 'cuisin', 'dessert', 'love', 'also', 'nice', 'restaur', 'room', 'pretti', 'decor', 'eleg']"
Hotel Gran Mahakam,Jessica Krisanti,4.0,"['love', 'decor', 'insid', 'lobbi', 'ambienc', 'cafe', 'amaz', 'downsid', 'park', 'area', 'enough', 'space']"
Veranda Hotel at Pakubuwono,Suhaili Abdul Rahman,4.0,"['hotel', 'facil', 'seem', 'okay', 'locat', 'far', 'distant', 'citi', 'center', 'food', 'serv', 'also', 'quit', 'good', 'inform', 'hotel', 'rate', 'also', 'reasonableservic', 'locat']"
Veranda Hotel at Pakubuwono,Rina,4.0,"['room', 'size', 'enough', 'person', 'clean', 'breakfast', 'great', 'varieti', 'menu', 'room', 'servic', 'price', 'room', 'room', 'wall', 'soundproof', 'could', 'heard', 'child', 'voic', 'peopl', 'talk', 'room', 'besid', 'stay', 'weekend', 'enjoy', 'restaur', 'pool', 'alway', 'wed', 'ceremoni']"
Veranda Hotel at Pakubuwono,Shabrina Indah Fitriani,5.0,"['perfect', 'locat', 'easi', 'get', 'around', 'great', 'ambienc', 'friend', 'servic', 'comfi', 'clean', 'room', 'veranda', 'restaur', 'call', 'wyl', 'kitchen', 'ground', 'floor', 'realli', 'beauti', 'wed', 'event', 'spacious', 'park', 'area', 'reason', 'price']"
Veranda Hotel at Pakubuwono,Sonny SPH,4.0,"['beauti', 'hotel', 'touch', 'japanes', 'style', 'locat', 'near', 'pakubuwono', 'signatur', 'lobbi', 'quit', 'big', 'could', 'consid', 'loung', 'sinc', 'mani', 'sofa', 'chair', 'tabl', 'beauti', 'yet', 'uniqu', 'ornament', 'front', 'desk', 'two', 'area', 'tabl', 'receiv', 'guest', 'chair', 'occupi', 'two', 'room', 'famili', 'room', 'nice', 'like', 'room', 'bed', 'nice', 'one', 'restaur', 'big', 'opinion', 'beauti', 'theme', 'color', 'white', 'space', 'restaur', 'could', 'expand', 'use', 'space', 'next', 'swim', 'pool', 'area', 'menu', 'breakfast', 'mani', 'complet', 'one', 'like', 'restaur', 'tast', 'food', 'especi', 'sambal', 'nasi', 'goreng', 'fri', 'rice', 'nasi', 'goreng', 'sambal', 'realli', 'delici', 'also', 'forget', 'fri', 'noodl', 'swim', 'pool', 'big', 'depth', 'good', 'enough', 'surround', 'green', 'tree', 'plant', 'nice', 'flower', 'hotel', 'gym', 'area', 'second', 'floor', 'although', 'big', 'enough', 'equip', 'treadmil', 'complet', 'toilet', 'clean', 'arrang', 'park', 'lot', 'small', 'either', 'basement', 'outer', 'area', 'lift', 'basement', 'park', 'lot', 'could', 'issu', 'go', 'drop', 'take', 'suitcas', 'make', 'sure', 'drop', 'load', 'luggag', 'lobbi', 'area', 'still', 'insid', 'hotel', 'area', 'next', 'restaur', 'anoth', 'public', 'japanes', 'restaur', 'name', 'sumoji', 'hotel', 'small', 'nice', 'veranda', 'front', 'area', 'beauti', 'flower', 'greeneri', 'one', 'issu', 'besid', 'drop', 'luggag', 'neither', 'front', 'offic', 'offic', 'restaur', 'offic', 'seem', 'reluct', 'accept', 'payment', 'seem', 'would', 'like', 'delay', 'accept', 'payment', 'overal', 'nice', 'hotel', 'worth', 'stay', 'thank', 'hotel', 'staff', 'especi', 'nadya', 'restaur', 'secur', 'offic', 'ps', 'notic', 'secur', 'offic', 'main', 'entranc', 'welcom', 'guest', 'issu', 'park', 'ticket', 'manag', 'could', 'give', 'small', 'chair', 'sit', 'stand', 'hour', 'sorri', 'concern']"
Veranda Hotel at Pakubuwono,Piter Halim,4.0,"['nice', 'enjoy', 'close', 'get', 'anywher', 'especi', 'gandaria', 'citi', 'mal', 'around', 'km', 'love', 'swim', 'pool', 'quit', 'long', 'crowd', 'nobodi', 'pool', 'perhap', 'alway', 'swim', 'morn', 'room', 'neat', 'clean', 'aircon', 'cold', 'con', 'internet', 'damn', 'slow', 'shame', 'hotel', 'qualiti', 'cant', 'provid', 'better', 'connect', 'hope', 'futur', 'upgrad', 'bandwith']"
Veranda Hotel at Pakubuwono,Eric Effin' P - MTB Content,4.0,"['close', 'senayan', 'golf', 'also', 'pim', 'golf', 'good', 'golf', 'hotel', 'enthusiast', 'hotel', 'well', 'posit', 'away', 'gandaria', 'citi', 'food', 'good', 'surround', 'quiet', 'request', 'pool', 'room', 'els', 'road', 'room', 'noisi', 'room', 'good', 'work', 'well', 'want', 'event', 'howev', 'prepar', 'hectic', 'jam', 'carpark', 'relat', 'small']"
Veranda Hotel at Pakubuwono,Maria Arasati,5.0,"['rais', 'glass', 'chef', 'tast', 'cuisin', 'daebak', 'western', 'plate', 'meet', 'section', 'someday', 'stay', 'vacat', 'servic', 'locat']"
Veranda Hotel at Pakubuwono,Dr. Maya Surjadjaja,3.0,"['alway', 'rememb', 'veranda', 'great', 'hang', 'place', 'chat', 'n', 'dine', 'pool', 'side', 'unfortun', 'manag', 'seem', 'care', 'much', 'food', 'ok', 'setrung', 'isservic', 'locat']"
Veranda Hotel at Pakubuwono,Muhamad Fregian,1.0,"['hotel', 'employe', 'enter', 'room', 'check', 'smoke', 'ash', 'fine', 'even', 'though', 'smoke', 'roomroom', 'servic', 'locat']"
Veranda Hotel at Pakubuwono,kisuk Son,4.0,"['think', 'realli', 'difficult', 'find', 'hotel', 'like', 'jkt', 'price', 'room', 'clean', 'cozi', 'wooden', 'furnitur', 'star', 'hotel', 'jkt', 'provid', 'aqua', 'dannon', 'complimentari', 'servic', 'hotel', 'give', 'air', 'condition', 'waa', 'also', 'good', 'fit', 'gym', 'small', 'still', 'work', 'techno', 'gym', 'product', 'recommend', 'hotel', 'friend', 'friend', 'want', 'econom', 'option', 'bathroom', 'moss', 'clean', 'attent']"
Veranda Hotel at Pakubuwono,Bella Rachma,4.0,"['anothet', 'good', 'hotel', 'stay', 'jakarta', 'room', 'comfi', 'wifi', 'soroom', 'servic', 'locat']"
Veranda Hotel at Pakubuwono,Unnikrishnan Palloor,2.0,"['servic', 'poor', 'get', 'respons', 'recept', 'time', 'two', 'time', 'got', 'plastic', 'paper', 'along', 'sausag', 'report', 'food', 'serv', 'peopl', 'major', 'issu', 'languag', 'peopl', 'speak', 'english', 'airport', 'pick', 'air', 'port', 'drop', 'also', 'promis', 'pick', 'airport', 'time', 'check', 'refus', 'give', 'airport', 'drop', 'servic', 'moreov', 'charg', 'million', 'night', 'quarantin', 'invoic', 'given', 'never', 'recommend', 'hotel', 'anybodi']"
Veranda Hotel at Pakubuwono,Kelvin,2.0,"['im', 'stay', 'night', 'ive', 'got', 'room', 'clean', 'tabl', 'floor', 'dusti', 'glass', 'cup', 'toilet', 'wet', 'clean', 'well', 'check', 'recept', 'staff', 'welcom', 'bad', 'experienceroom', 'servic', 'locat']"
Veranda Hotel at Pakubuwono,Leticia K,2.0,"['nice', 'design', 'cozi', 'atmospher', 'cleanli', 'servic', 'definit', 'improv', 'found', 'housekeep', 'guy', 'charg', 'clean', 'room', 'within', 'floor', 'alon', 'wonder', 'room', 'dusti', 'doubt', 'bathroom', 'clean', 'thorough', 'prior', 'checkin', 'judg', 'water', 'stain', 'anoth', 'weird', 'point', 'concierg', 'servic', 'count', 'star', 'hotel', 'kind', 'packag', 'day', 'night', 'receiv', 'recept', 'secur', 'anyon', 'hotel', 'courier', 'wait', 'guest', 'lobbi', 'although', 'separ', 'concierg', 'desk', 'right', 'lobbi', 'bother', 'mani', 'secur', 'personnel', 'lobbi', 'mayb', 'hotel', 'cut', 'cost', 'concierg', 'servic', 'still', 'bad', 'experi', 'star', 'hotel', 'experienc', 'better', 'servic', 'apartotel', 'cost', 'veranda', 'charg', 'disappoint', 'current', 'manag', 'servic', 'need', 'improv', 'els', 'peopl', 'also', 'repeat', 'stay', 'last', 'least', 'still', 'servic', 'alway', 'took', 'long', 'deliv', 'anyth', 'room', 'often', 'time', 'nobodi', 'pick', 'housekeep', 'room', 'servic', 'line', 'alway', 'take', 'min', 'request', 'someth', 'even', 'simpl', 'tissu', 'paper', 'new', 'towel']"
Veranda Hotel at Pakubuwono,Adil Anselm,5.0,"['love', 'stay', 'recommend', 'place', 'stay', 'south', 'jakarta', 'area', 'staff', 'excel', 'breakfast', 'menu', 'awesom', 'room', 'clean', 'tidi']"
Veranda Hotel at Pakubuwono,Lucky Snack Official,3.0,"['seem', 'like', 'star', 'hotel', 'facil', 'breakfast', 'simpl', 'tast', 'good', 'mayb', 'need', 'improv', 'star', 'hotel', 'standard', 'front', 'neighbour', 'room', 'dirti', 'dish', 'taken', 'night', 'till', 'day']"
Veranda Hotel at Pakubuwono,Caroline Sunarko,5.0,"['great', 'privat', 'parti', 'wed', 'etc', 'visit', 'sumoji', 'love', 'food']"
Veranda Hotel at Pakubuwono,Ronald Tanjaya,5.0,"['find', 'quiet', 'place', 'stay', 'around', 'gandaria', 'pondok', 'indah', 'want', 'miss', 'attract', 'around', 'senayan', 'blok', 'choos', 'place', 'cozi', 'hotel', 'good', 'ambienc', 'fair', 'cleanli', 'check', 'process', 'less', 'min', 'deposit', 'money', 'need', 'abl', 'give', 'access', 'key', 'card', 'room', 'lift', 'touch', 'less', 'one', 'go', 'need', 'tap', 'room', 'key', 'card', 'automat', 'bring', 'room', 'room', 'spacious', 'wooden', 'chair', 'safeti', 'box', 'larg', 'tv', 'internet', 'connect', 'panoram', 'window', 'queen', 'bed', 'pillow', 'amen', 'ok', 'noth', 'complaint', 'go', 'lobbi', 'find', 'wylz', 'kitchen', 'breakfast', 'day', 'dine', 'place', 'deep', 'swim', 'pool', 'til', 'pm', 'use', 'fit', 'center', 'everi', 'morn', 'housekeep', 'come', 'ask', 'got', 'laundri', 'thing', 'come', 'concern', 'pest', 'control', 'found', 'ant', 'around', 'sink', 'use', 'mask', 'housekeep', 'need', 'see', 'health', 'protocol', 'hygien', 'pleasant', 'stay', 'anyway']"
Veranda Hotel at Pakubuwono,muhammad iqbal,4.0,"['breakfast', 'good', 'enough', 'view', 'great']"
Veranda Hotel at Pakubuwono,Sutini Irsan,4.0,"['hotel', 'pack', 'wed', 'celebr', 'also', 'promot', 'room', 'rate', 'agoda', 'hour', 'wait', 'final', 'got', 'room', 'key', 'swim', 'pool', 'restaur', 'lobbi', 'area', 'clean', 'cozi', 'design', 'delux', 'room', 'amen', 'look', 'like', 'standard', 'room']"
Veranda Hotel at Pakubuwono,Soraya Salsabila,3.0,"['stay', 'veranda', 'hotel', 'time', 'room', 'quit', 'spacious', 'clean', 'bathroom', 'also', 'clean', 'ac', 'room', 'cold', 'alway', 'take', 'breakfast', 'one', 'breakfast', 'delici', 'menu', 'variant', 'much', 'realli', 'lack', 'cleanli', 'swim', 'pool', 'look', 'fine', 'tapi', 'jika', 'melihat', 'ke', 'dalam', 'air', 'lot', 'dirt', 'garbag', 'disgust', 'tissu', 'plastic', 'daun', 'debu', 'time', 'come', 'swim', 'pool', 'alway', 'dirti', 'disappoint']"
Veranda Hotel at Pakubuwono,ardi gunawan,5.0,"['cozi', 'place', 'dinner', 'romant', 'happi', 'good', 'food', 'good', 'peopl', 'insid']"
Veranda Hotel at Pakubuwono,ovi olivia,4.0,"['stay', 'night', 'actual', 'love', 'place', 'paint', 'wall', 'pool', 'food', 'breakfast', 'great', 'star', 'hotel', 'bad', 'wifi', 'big', 'question', 'except', 'wifi', 'good', 'room', 'servic', 'locat']"
Veranda Hotel at Pakubuwono,widya arsa,5.0,"['attend', 'wed', 'nice', 'cozi', 'place']"
Veranda Hotel at Pakubuwono,Indra Prasetya,1.0,"['second', 'time', 'book', 'stay', 'veranda', 'first', 'one', 'work', 'fine', 'even', 'though', 'recept', 'upon', 'checkin', 'seem', 'unprofession', 'empti', 'wait', 'approx', 'minut', 'got', 'check', 'idk', 'outdat', 'checkin', 'method', 'recept', 'profession', 'turn', 'fine', 'room', 'cleanli', 'servic', 'etc', 'good', 'fast', 'forward', 'second', 'time', 'got', 'dissapoint', 'upon', 'book', 'app', 'decid', 'book', 'veranda', 'must', 'test', 'antigen', 'polici', 'upon', 'checkin', 'check', 'twice', 'hotel', 'room', 'polici', 'detail', 'select', 'room', 'arriv', 'recept', 'front', 'offic', 'empti', 'hang', 'back', 'offic', 'locat', 'side', 'recept', 'tabl', 'show', 'unprofession', 'talk', 'receptionist', 'reject', 'present', 'antigen', 'test', 'confus', 'coz', 'say', 'book', 'app', 'showd', 'hotel', 'room', 'page', 'app', 'say', 'scroll', 'scroll', 'like', 'want', 'find', 'justifi', 'reject', 'came', 'point', 'show', 'hotel', 'polici', 'page', 'hidden', 'front', 'page', 'believ', 'extra', 'move', 'cos', 'heck', 'anybodi', 'els', 'see', 'ask', 'test', 'nearest', 'clinic', 'realli', 'insult', 'mention', 'alr', 'vaccin', 'time', 'could', 'consid', 'tell', 'manag', 'issu', 'fault', 'happi', 'walk', 'away', 'happen']"
Veranda Hotel at Pakubuwono,andi yani,5.0,"['love', 'hotel', 'busi', 'n', 'big', 'cityroom', 'servic', 'locat']"
Veranda Hotel at Pakubuwono,Midia Fujiani,5.0,"['strateg', 'locat', 'explor', 'south', 'jakarta', 'mall', 'gandaria', 'citi', 'pondok', 'indah', 'close', 'senayan', 'citi', 'tri', 'staycat', 'due', 'explor', 'gbk', 'famili', 'sport', 'weekend', 'ambienc', 'hotel', 'tropic', 'green', 'love', 'park', 'behind', 'park', 'area', 'first', 'experi', 'connect', 'door', 'like', 'good', 'big', 'room', 'corridor', 'connect']"
Veranda Hotel at Pakubuwono,Luca Ferraris,2.0,"['maintanc', 'clean', 'poor', 'one', 'set', 'towel', 'twin', 'bedroom', 'leak', 'bathroom', 'wash', 'basin', 'mark', 'bad', 'wood', 'plank', 'price', 'paid', 'worth', 'room', 'servic', 'locat']"
Veranda Hotel at Pakubuwono,Amir Hamzah,3.0,"['great', 'accomod', 'famili', 'stay', 'busi', 'occas', 'seem', 'lock', 'hit', 'hotel', 'industri', 'pretti', 'bad', 'also', 'affect', 'veranda', 'find', 'condit', 'poor', 'cleanli', 'drop', 'due', 'fewer', 'clean', 'staff']"
Veranda Hotel at Pakubuwono,Davin Manuel,3.0,"['seem', 'like', 'star', 'hotel', 'facil', 'servic', 'good', 'enough', 'star', 'hotel', 'breakfast', 'menu', 'simpl', 'tast', 'dirti', 'dish', 'taken', 'night', 'till', 'day']"
Hotel Monopoli,Andr√© Pinto,2.0,"['everyth', 'nice', 'afford', 'live', 'band', 'play', 'hous', 'till', 'pm', 'super', 'noisi', 'sleep', 'priorit', 'custom', 'comfort', 'room', 'servic', 'locat']"
Hotel Monopoli,Sri Andhini Saraswati,3.0,"['nice', 'interior', 'design', 'noisi', 'dinner', 'time', 'midnight', 'uncomfort', 'shower', 'handsoap', 'tv', 'imag', 'qualiti', 'bare', 'standard', 'limit', 'channel', 'great', 'young', 'coupl', 'need', 'sleep', 'night', 'dont', 'mind', 'nois', 'bar', 'famili', 'staycat', 'room', 'servic', 'locat']"
Hotel Monopoli,Sam Furlong,1.0,"['worst', 'hotel', 'ever', 'stay', 'paid', 'expens', 'suit', 'still', 'mainten', 'hour', 'downgrad', 'us', 'smaller', 'room', 'sorri', 'complimentari', 'anyth', 'stay', 'hereroom', 'servic', 'locat']"
Hotel Monopoli,Ideli R,2.0,"['good', 'thing', 'design', 'concept', 'wall', 'thin', 'hear', 'voic', 'room', 'room', 'definit', 'redon', 'dirti', 'spot', 'seat', 'worst', 'part', 'shower', 'water', 'fall', 'right', 'air', 'condition', 'direct', 'besid', 'bed', 'turn', 'ac', 'middl', 'night', 'park', 'lot', 'limit', 'difficult', 'find', 'spot', 'seem', 'unsaf', 'well', 'park', 'street']"
Hotel Monopoli,milo o,3.0,"['bad', 'next', 'build', 'jedag', 'jedug', 'berisik', 'even', 'wikenroom', 'servic', 'locat']"
Hotel Monopoli,Viktor Iwan,3.0,"['smell', 'cigarett', 'room', 'non', 'smoke', 'hotel', 'realli', 'understand', 'concept', 'shower', 'room', 'glass', 'view', 'unless', 'use', 'adult', 'purpos', 'clear', 'hotel', 'build', 'famili', 'hotel', 'enjoy', 'kemang', 'star', 'famili', 'trip', 'enjoy', 'long', 'weekend', 'busi', 'trip', 'adult', 'trip', 'hotel', 'nice', 'strateg', 'locat', 'walk', 'distanc', 'interest', 'place', 'like', 'mall', 'coffe', 'shop', 'f', 'b', 'wifi', 'also', 'okay', 'work', 'remot', 'staycat']"
Hotel Monopoli,Little Amora (IchigoIchi),1.0,"['door', 'room', 'face', 'bathroom', 'open', 'door', 'wide', 'bellboy', 'room', 'attend', 'see', 'nake', 'shower', 'caus', 'bathroom', 'surround', 'glass', 'wall', 'expens', 'park', 'lot', 'hairdryer', 'room', 'must', 'request', 'hairdryer', 'small', 'door', 'small', 'lobbi', 'bring', 'mani', 'luggag', 'famili', 'hotel', 'realli', 'recommend', 'caus', 'besid', 'cafe', 'crowd', 'night', 'room', 'small', 'share', 'experi', 'tri', 'feel', 'curious']"
Hotel Monopoli,Nayu A. Ramadhaningsih,5.0,"['simpli', 'looovvee', 'iitt', 'interior', 'hotel', 'room', 'uniqu', 'room', 'airi', 'declar', 'bare', 'turn', 'ac', 'room', 'stay', 'ceil', 'high', 'import', 'peopl', 'asthma', 'like', 'favor', 'tast', 'food', 'tri', 'humbl', 'fish', 'chip', 'matter', 'lot', 'food', 'stall', 'restaur', 'cafe', 'around', 'hotel', 'least', 'help', 'go', 'food', 'definit', 'return', 'anoth', 'staycat']"
Hotel Monopoli,Put Salju,5.0,"['noth', 'chang', 'hotel', 'everyth', 'still', 'clean', 'comfort', 'room', 'non', 'smoke', 'deposit', 'k', 'rupiah', 'cafe', 'bar', 'rooftop']"
Hotel Monopoli,Neil Siadari,1.0,"['first', 'time', 'last', 'time', 'stay', 'worst', 'experi', 'ever', 'repeat', 'worst', 'recept', 'custom', 'orient', 'servic', 'excel', 'even', 'smile', 'voic', 'call', 'revept', 'especi', 'staff', 'name', 'nadia', 'never', 'ever', 'comeback', 'hotel', 'room', 'small', 'park', 'area', 'view', 'town', 'anyth', 'park', 'area', 'request', 'high', 'floor', 'given', 'second', 'floor', 'want', 'upgrad', 'room', 'higher', 'room', 'cuas', 'check', 'think', 'small', 'first', 'one', 'said', 'cost', 'idr', 'call', 'said', 'idr', 'caus', 'alreadi', 'enter', 'room', 'like', 'price', 'increas', 'hour', 'custom', 'will', 'pay', 'bussi', 'never', 'ever', 'comeback']"
Hotel Monopoli,Hanna Manurung,3.0,"['room', 'interior', 'attract', 'bathroom', 'thought', 'design', 'separ', 'shower', 'area', 'toilet', 'seat', 'air', 'condition', 'function', 'well', 'cleanli', 'handl', 'proper', 'room', 'neat', 'tidi', 'clean', 'locat', 'strateg', 'close', 'daili', 'go', 'necess', 'like', 'coffe', 'shop', 'resto', 'book', 'store', 'groceri', 'store', 'howev', 'monopoli', 'hotel', 'need', 'take', 'serious', 'action', 'improv', 'hotel', 'polici', 'rooftop', 'karaok', 'facil', 'extrem', 'loud', 'disturb', 'custom', 'rest', 'night', 'owner', 'merg', 'karaok', 'area', 'altogeth', 'hotel', 'one', 'build', 'pleas', 'consid', 'separ', 'build', 'karaok', 'common', 'complaint', 'month', 'custom', 'yet', 'still', 'go', 'owner', 'take', 'consider', 'mayb', 'poor', 'signal', 'price', 'idr', 'per', 'night', 'wifi', 'signal', 'poor', 'pleas', 'provid', 'wifi', 'signal', 'proper', 'motorbik', 'park', 'lot', 'park', 'bike', 'tanamera', 'sinc', 'monopoli', 'hotel', 'provid', 'basement', 'back', 'area', 'park', 'also', 'second', 'commom', 'complaint', 'custom', 'yet', 'owner', 'take', 'consider', 'employe', 'friendli', 'secur', 'front', 'door', 'way', 'much', 'nicer', 'friendlier', 'staff', 'front', 'desk', 'receptionist', 'automat', 'greet', 'afar', 'staff', 'talk', 'casual', 'ask', 'seem', 'kinda', 'impati', 'explain', 'payment', 'charg', 'earli', 'check', 'idr', 'payment', 'fee', 'believ', 'owner', 'read', 'repli', 'look', 'forward', 'monopoli', 'hotel', 'fulli', 'commit', 'take', 'action', 'improv', 'serious', 'soon']"
Hotel Monopoli,Andra Maulana,4.0,"['great', 'experi', 'stay', 'weekend', 'surpris', 'got', 'grand', 'delux', 'mezzanin', 'plus', 'got', 'separ', 'area', 'sleep', 'minus', 'bed', 'need', 'go', 'number', 'middl', 'night', 'navig', 'stair', 'sinc', 'bathroom', 'st', 'floor', 'locat', 'also', 'prime', 'order', 'food', 'nicest', 'south', 'jakarta', 'place', 'skip', 'bfast', 'cross', 'road', 'starbuck', 'order', 'someth', 'onlin', 'gofood', 'grabfood']"
Hotel Monopoli,Fristha Pratiwi,4.0,"['thay', 'uniqu', 'pretti', 'interior', 'design', 'night', 'experi', 'feel', 'air', 'condition', 'rent', 'room', 'cold', 'enough', 'set', 'whether', 'fan', 'blower', 'temperatur']"
Hotel Monopoli,Lulu Soekardi,4.0,"['love', 'room', 'much', 'cozi', 'comfi', 'room', 'servic', 'locat']"
Hotel Monopoli,Sekar Karindra,1.0,"['use', 'one', 'fav', 'hotel', 'jakarta', 'recent', 'quit', 'disappoint', 'servic', 'book', 'night', 'check', 'flood', 'yeah', 'know', 'kemang', 'area', 'ask', 'refund', 'reschedul', 'direct', 'hotel', 'staff', 'seem', 'okay', 'request', 'ask', 'call', 'traveloka', 'make', 'chang', 'call', 'traveloka', 'confirm', 'hotel', 'grant', 'request', 'particular', 'reason', 'raini', 'season', 'better', 'stay', 'somewher', 'els', 'alreadi', 'book', 'control', 'situat', 'happen', 'e', 'g', 'flood', 'unless', 'god', 'obv', 'control', 'flood', 'better', 'pray', 'will', 'compens']"
Hotel Monopoli,Jummi Ishijima,3.0,"['one', 'best', 'design', 'room', 'unfortun', 'check', 'one', 'night', 'music', 'nois', 'rooftop', 'bar', 'unbear', 'initi', 'mezzanin', 'room', 'top', 'floor', 'sound', 'vibrat', 'could', 'felt', 'right', 'move', 'room', 'rd', 'floor', 'still', 'could', 'hear', 'everyth', 'sleep', 'jakarta', 'enjoy', 'nightlif', 'definit', 'stay', 'actual', 'need', 'sleep', 'night', 'regular', 'show', 'sever', 'night', 'week', 'nice', 'place', 'fun', 'love', 'love', 'love', 'room']"
Hotel Monopoli,Tari Danawidjaja,2.0,"['hotel', 'beauti', 'design', 'realli', 'repres', 'new', 'york', 'style', 'chic', 'stylish', 'staff', 'friend', 'warm', 'check', 'also', 'smooth', 'howev', 'check', 'review', 'hotel', 'realli', 'surpris', 'front', 'desk', 'inform', 'us', 'nois', 'decid', 'take', 'twin', 'bed', 'nd', 'floor', 'night', 'came', 'noisi', 'rooftop', 'ground', 'floor', 'would', 'recommend', 'hotel', 'anyon', 'need', 'good', 'sleep', 'unless', 'wan', 'na', 'parti', 'till', 'late', 'need', 'sleep', 'even', 'sleep', 'w', 'plug', 'u', 'still', 'hear', 'nois', 'end', 'slept', 'breakfast', 'mediocr', 'small', 'plate', 'fruit', 'left', 'refil', 'pineappl', 'got', 'scrambl', 'egg', 'rest', 'most', 'consist', 'bread', 'hot', 'porridg', 'would', 'realli', 'nice', 'actual', 'walk', 'street', 'find', 'tradit', 'indo', 'porridg', 'good', 'price']"
Hotel Monopoli,Randy,4.0,"['good', 'place', 'stay', 'heart', 'central', 'kemang', 'easi', 'go', 'entertain', 'area', 'quit', 'fair', 'price', 'got', 'breakfast', 'corona', 'deliv', 'breakfast', 'room', 'car', 'park', 'much', 'sometim', 'park', 'side', 'road', 'hold', 'unknown', 'peopl', 'pay', 'k', 'idr', 'first', 'stay', 'pool', 'small', 'cant', 'swim', 'got', 'bar', 'rooftop']"
Hotel Monopoli,Melvin rodgers,1.0,"['stay', 'near', 'top', 'floor', 'event', 'usual', 'staff', 'said', 'went', 'rooftop', 'bar', 'event', 'empti', 'alomost', 'staff', 'like', 'play', 'loud', 'music', 'unlpeas', 'experi', 'want', 'good', 'night', 'sleep', 'stay', 'hotel', 'room', 'servic', 'locat']"
Hotel Monopoli,Indri Yunita,4.0,"['get', 'transport', 'back', 'time', 'sweet', 'vintag', 'decor', 'like', 'nowher', 'els', 'jakarta', 'love', 'ambienc', 'pleas', 'warn', 'parti', 'hotel', 'seem', 'make', 'major', 'cash', 'host', 'event', 'weekend', 'club', 'rooftop', 'basement', 'stay', 'rd', 'level', 'music', 'rooftop', 'loud', 'awar', 'prior', 'book', 'book', 'anyway', 'also', 'warn', 'check', 'big', 'problem', 'see', 'peopl', 'give', 'star', 'guess', 'came', 'unprepar', 'conclus', 'best', 'way', 'enjoy', 'stay', 'check', 'parti', 'ig', 'check', 'get', 'prepar', 'parti', 'parti', 'til', 'drop', 'collaps', 'bed', 'definit', 'busi', 'travel', 'famili']"
Hotel Monopoli,Ferdy Pratama,5.0,"['good', 'experi', 'stay', 'uniqu', 'interior', 'clean', 'environ', 'need', 'entertain', 'bar', 'roof', 'top', 'underground', 'week', 'frequent', 'music', 'event', 'breakfast', 'actual', 'pretti', 'tasti', 'moder', 'choic', 'menus', 'plus', 'soap', 'shampoo', 'good', 'vibe', 'organ', 'one', 'indonesia', 'local', 'brand', 'make', 'bath', 'experi', 'greatttt']"
Hotel Monopoli,Claudria Tjandranata,5.0,"['difficult', 'find', 'first', 'worth', 'check', 'room', 'dine', 'room', 'servic', 'locat']"
Hotel Monopoli,Tom Srn,3.0,"['good', 'hipsterish', 'hotel', 'cool', 'rooftop', 'friend', 'staff', 'room', 'clean', 'well', 'design', 'general', 'nice', 'somewhat', 'elitist', 'crowd', 'make', 'almost', 'feel', 'awkward', 'though', 'club', 'bar', 'seem', 'meet', 'place', 'local', 'jakarta', 'elit', 'go', 'play', 'loud', 'music', 'breakfast', 'good', 'littl', 'regard', 'expens', 'hotel', 'breakfast', 'trip', 'indonesia', 'quit', 'disappoint']"
Hotel Monopoli,Gunadi Kr,5.0,"['great', 'dinner', 'buffet', 'bloom', 'buffet', 'price', 'exclud', 'beverag', 'need', 'buy', 'drink', 'mani', 'main', 'cours', 'dish', 'avail', 'mani', 'choic', 'cake', 'avail', 'reserv', 'arriv', 'strong', 'recommend']"
Hotel Monopoli,Andrea Peresthu,5.0,"['comfort', 'food', 'reason', 'price', 'serv', 'indonesian', 'mediteranean', 'cuisin', 'viennes', 'style', 'interior']"
Hotel Monopoli,Fahry Pradipta,4.0,"['went', 'dine', 'buffet', 'food', 'alright', 'price', 'expect', 'anyth', 'fanci', 'treat', 'take', 'fanci', 'definit', 'uniqu', 'experi', 'good', 'one', 'band', 'play', 'except', 'one', 'need', 'improv', 'qualiti', 'tast', 'food']"
Hotel Monopoli,Kevin N.,5.0,"['great', 'one', 'solut', 'whole', 'even', 'start', 'nice', 'dinner', 'ground', 'floor', 'go', 'upstair', 'rooftop', 'pre', 'drink', 'mood', 'go', 'basement', 'danc', 'never', 'spent', 'night', 'one', 'room', 'imagin', 'loud', 'better', 'sleep', 'somewher', 'els']"
Hotel Monopoli,Laras Sukmaningtyas,2.0,"['check', 'process', 'overwhelm', 'took', 'much', 'deposit', 'fresh', 'wet', 'stain', 'blanket', 'carpet', 'enter', 'provid', 'one', 'dental', 'kit', 'room', 'two', 'room', 'well', 'design', 'take', 'ton', 'pictur', 'insta', 'forget', 'want', 'get', 'rest', 'poor', 'sound', 'insul', 'hear', 'peopl', 'sneez', 'next', 'room', 'say', 'imag', 'import', 'comfort', 'right', 'hype', 'price', 'could', 'better']"
Hotel Monopoli,A.R Bastian,1.0,"['realli', 'piss', 'get', 'inform', 'prior', 'check', 'hotel', 'monopoli', 'jakarta', 'selatan', 'saturday', 'oct', 'book', 'paid', 'hotel', 'week', 'advanc', 'piec', 'paper', 'mention', 'tabl', 'upon', 'check', 'hotel', 'would', 'hold', 'live', 'dj', 'perform', 'parti', 'weekend', 'approxim', 'realli', 'annoy', 'volum', 'high', 'mani', 'peopl', 'use', 'elev', 'well', 'stair', 'walk', 'alley', 'door', 'room', 'like', 'hundr', 'hundr', 'youth', 'walk', 'rooftop', 'bar', 'felt', 'parti', 'goer', 'trespass', 'guest', 'privaci', 'thought', 'would', 'got', 'peac', 'weekend', 'instead', 'recommend', 'hotel', 'weekend', 'ear', 'plug', 'help', 'neither', 'compens', 'need', 'peac', 'night', 'sleep']"
Hotel Monopoli,Amelia Safitri,4.0,"['realli', 'love', 'artsi', 'industri', 'roof', 'look', 'atmospher', 'cozi', 'realli', 'suitabl', 'chat', 'friend', 'simpli', 'work', 'visit', 'day', 'ago', 'order', 'dri', 'ramen', 'superb', 'kale', 'salad', 'unfortun', 'came', 'tartar', 'sauc', 'sauc', 'variant', 'realli', 'like']"
The Dharmawangsa Jakarta,The Reviewer,5.0,"['love', 'hotel', 'staff', 'attent', 'place', 'clean', 'facil', 'date', 'except', 'bathroom', 'smell', 'like', 'old', 'rusti', 'pipe', 'hallway', 'love', 'smell', 'jasmin', 'lemongrass', 'room', 'well', 'plan', 'balconi', 'nice', 'addit']"
The Dharmawangsa Jakarta,Tama Zeinnya,4.0,"['pleasant', 'overal', 'experi', 'stay', 'love', 'st', 'class', 'servic', 'star', 'food', 'offer', 'tip', 'famili', 'stay', 'better', 'choos', 'king', 'size', 'bed', 'get', 'sofa', 'insid', 'room', 'servic', 'locat']"
The Dharmawangsa Jakarta,Tomi Satryatomo,5.0,"['nice', 'hotel', 'excel', 'servic', 'well', 'f', 'b', 'hard', 'complain', 'particular', 'like', 'nice', 'smell', 'along', 'alleyway', 'peac', 'ambienc', 'still', 'one', 'best', 'five', 'star', 'hotel', 'jakarta', 'room', 'servic', 'locat']"
The Dharmawangsa Jakarta,Mayuko Miyaki,5.0,"['spacious', 'comfort', 'room', 'polit', 'nice', 'staff', 'fulfil', 'servic', 'restaur', 'clew', 'also', 'kind', 'take', 'care', 'everi', 'morn', 'explain', 'indonesian', 'food', 'cook']"
The Dharmawangsa Jakarta,Sani Ario,5.0,"['one', 'person', 'favorit', 'lux', 'botiqu', 'hotel', 'jakarta', 'go', 'yet', 'anoth', 'bore', 'american', 'star', 'chain', 'go', 'support', 'local', 'entiti', 'rich', 'nuanc', 'javanes', 'interior', 'place', 'smell', 'amaz', 'outdoor', 'indoor', 'pool', 'well', 'kept', 'gym', 'complet', 'well', 'equip', 'servic', 'profession', 'warm', 'rememb', 'name', 'request', 'difficult', 'yes', 'place', 'may', 'bit', 'dear', 'price', 'worth', 'everi', 'rupiah', 'locat', 'also', 'amaz', 'midst', 'leafi', 'suburb', 'dharmawangsa', 'give', 'cool', 'respit', 'jakarta', 'hot', 'weather', 'oasi', 'tire', 'soul']"
The Dharmawangsa Jakarta,Michael Gielink,4.0,"['luxuri', 'spacious', 'coloni', 'fantast', 'door', 'pool', 'area', 'indoor', 'gym', 'infin', 'pool', 'servic', 'excel', 'howev', 'expens', 'indonesia']"
The Dharmawangsa Jakarta,Paolo Josef Garcia,5.0,"['love', 'everyth', 'dharmawangsa', 'jakarta', 'hotel', 'truli', 'showcas', 'indonesian', 'art', 'heritag', 'staff', 'epitom', 'best', 'indonesian', 'hospit', 'cultur', 'hotel', 'locat', 'upscal', 'residenti', 'area', 'south', 'jakarta', 'lot', 'green', 'space', 'minut', 'leisur', 'walk', 'blok', 'mrt', 'station', 'contrast', 'ultra', 'modern', 'hotel', 'bustl', 'jakarta', 'cbd', 'dharmawangsa', 'homey', 'intim', 'classic', 'architectur', 'style', 'beauti', 'furnish', 'execut', 'room', 'spacious', 'larger', 'similar', 'price', 'hotel', 'room', 'citi', 'equal', 'spacious', 'marbl', 'bathroom', 'doubl', 'vaniti', 'basin', 'nice', 'touch', 'also', 'set', 'hotel', 'apart', 'absolut', 'except', 'food', 'beef', 'rendang', 'jakarta', 'restaur', 'sublim', 'best', 'rendang', 'ever', 'far', 'thorough', 'enjoy', 'take', 'nasi', 'goreng', 'kamb', 'well', 'special', 'mention', 'sevira', 'help', 'menu', 'recommend', 'cheer', 'attitud', 'person', 'servic', 'made', 'dine', 'experi', 'great', 'time', 'breakfast', 'ambienc', 'courtyard', 'delight', 'needless', 'say', 'definit', 'back']"
The Dharmawangsa Jakarta,Inggita Yohanna,5.0,"['realli', 'like', 'hotel', 'middl', 'south', 'jakarta', 'u', 'feel', 'comfort', 'around', 'tree', 'staff', 'nice', 'n', 'friend', 'huge', 'room', 'nice', 'n', 'comfort', 'bed', 'thanx', 'serviceroom', 'servic', 'locat']"
The Dharmawangsa Jakarta,William Prasetya,5.0,"['majapahit', 'loung', 'great', 'experi', 'servic', 'nice', 'friend', 'drink', 'excel', 'interior', 'real', 'plus', 'point', 'overal', 'great', 'experi', 'hope', 'go', 'futur', 'room', 'servic', 'locat']"
The Dharmawangsa Jakarta,Raymond Valiant Ruritan,5.0,"['luxuri', 'hotel', 'respect', 'area', 'south', 'jakarta', 'also', 'convent', 'space', 'ballroom', 'meet', 'exposit', 'confer']"
The Dharmawangsa Jakarta,Globetrotter Monk,2.0,"['stay', 'dharmawangsa', 'day', 'mandatori', 'quarantin', 'pick', 'hotel', 'main', 'due', 'room', 'balconi', 'enjoy', 'fresh', 'air', 'look', 'lush', 'garden', 'quarantin', 'enter', 'room', 'felt', 'travel', 'back', 'time', 'capsul', 'classic', 'room', 'extrem', 'outdat', 'tire', 'bed', 'mattress', 'sink', 'support', 'bodi', 'postur', 'lie', 'bed', 'light', 'stand', 'light', 'dim', 'electr', 'plug', 'loos', 'anoth', 'major', 'issu', 'room', 'cleanli', 'found', 'piec', 'french', 'fri', 'floor', 'previous', 'guest', 'sofa', 'fabric', 'carpet', 'dirti', 'spot', 'worst', 'stain', 'toilet', 'bowl', 'wonder', 'clean', 'procedur', 'done', 'proper', 'hotel', 'believ', 'assign', 'quarantin', 'room', 'thorough', 'clean', 'done', 'guest', 'check', 'food', 'qualiti', 'especi', 'intern', 'menu', 'also', 'need', 'improv', 'tast', 'far', 'star', 'hotel', 'standard', 'next', 'mandatori', 'quarantin', 'room', 'balconi', 'list']"
The Dharmawangsa Jakarta,VC SOEGIJANTO,5.0,"['excel', 'nice', 'hotel', 'stay', 'wide', 'balconi', 'face', 'pool', 'garden', 'face', 'east', 'cool', 'morn', 'first', 'class', 'amen', 'perfect', 'condit', 'food', 'simpli', 'excel', 'servic', 'warm', 'personalis', 'definit', 'new', 'favourit', 'hotel', 'jakarta']"
The Dharmawangsa Jakarta,pa Kafid,5.0,"['love', 'dine', 'hall', 'nice', 'jasmin', 'smell', 'around', 'build', 'nice', 'view', 'pool']"
The Dharmawangsa Jakarta,Antero Almeida,4.0,"['quarantin', 'dharmawangsa', 'enter', 'indonesia', 'get', 'opportun', 'check', 'hotel', 'servic', 'friend', 'attent', 'bed', 'room', 'comfort', 'food', 'good', 'intern', 'asian', 'would', 'like', 'give', 'five', 'star', 'first', 'need', 'check', 'rest', 'hotel', 'would', 'high', 'recommend']"
The Dharmawangsa Jakarta,cipta khairina,3.0,"['thos', 'hotel', 'like', 'dharmasangsa', 'known', 'year', 'ago', 'servic', 'poor', 'interior', 'outdat', 'bed', 'small', 'sink', 'far', 'star', 'hotel', 'standard', 'coffe', 'tabl', 'balconi', 'outdat', 'damag', 'receptionist', 'omg', 'came', 'around', 'dont', 'give', 'us', 'approxim', 'time', 'wait', 'room', 'readi', 'dont', 'understand', 'take', 'long', 'make', 'room', 'readi', 'repeat', 'ask', 'long', 'receptionist', 'said', 'take', 'anoth', 'mnts', 'gosh', 'unaccept', 'star', 'hotel', 'fulli', 'occupi', 'disappoint', 'servic', 'fortun', 'get', 'pool', 'view', 'room', 'refresh']"
The Dharmawangsa Jakarta,Hendro Hioe,5.0,"['cozi', 'place', 'lot', 'open', 'space', 'came', 'sunday', 'brunch', 'dinner']"
The Dharmawangsa Jakarta,Natasha Ekaputri,2.0,"['interior', 'outstand', 'design', 'realli', 'dispict', 'indonesian', 'cultur', 'love', 'howev', 'servic', 'slow', 'order', 'room', 'servic', 'took', 'hour', 'drink', 'come', 'also', 'request', 'special', 'instrut', 'room', 'come', 'time']"
The Dharmawangsa Jakarta,Pandji Caesar,5.0,"['cozi', 'hotel', 'middl', 'citi', 'good', 'ambient', 'covid', 'make', 'reserv', 'swim', 'limit', 'number', 'visitor', 'staff', 'friend', 'help']"
The Dharmawangsa Jakarta,Edbert Tjoniko,2.0,"['definit', 'pictur', 'websit', 'depict', 'room', 'face', 'insid', 'hotel', 'give', 'resort', 'vibe', 'one', 'got', 'stuck', 'view', 'build', 'ledg', 'room', 'pretti', 'old', 'one', 'outlet', 'almost', 'come', 'wall', 'sat', 'sofa', 'short', 'rash', 'minut', 'door', 'hard', 'open', 'room', 'furnish', 'need', 'serious', 'refurbish', 'unfortun', 'staff', 'train', 'well', 'put', 'job', 'heart', 'right', 'place', 'fall', 'short', 'execut', 'due', 'lack', 'experi', 'train', 'check', 'charg', 'card', 'wrong', 'key', 'card', 'configur', 'correct', 'left', 'wait', 'doorstep', 'quit', 'awhil', 'phone', 'faulti', 'room', 'restaur', 'food', 'mediocr', 'high', 'overpr', 'wors', 'waiter', 'overwhelm', 'entir', 'area', 'fill', 'mosquito', 'pleas', 'wear', 'long', 'sleev', 'cloth', 'avoid', 'ton', 'bite', 'feel', 'lot', 'like', 'star', 'experi', 'price', 'go', 'hotel', 'jakarta', 'much', 'relax', 'pleasant', 'stay', 'good', 'thing', 'courtyard', 'style', 'swim', 'pool', 'fhat', 'give', 'resort', 'vibe', 'pretti', 'hard', 'find', 'would', 'recommend', 'four', 'season', 'one', 'reason', 'come', 'back', 'updat', 'servic', 'room', 'amen']"
The Dharmawangsa Jakarta,Fitria Damaianti,5.0,"['attend', 'wed', 'recept', 'good', 'arrag', 'covid', 'era', 'negat', 'side', 'park', 'space', 'food', 'good']"
The Dharmawangsa Jakarta,Ainur Rofik,5.0,"['best', 'hotel', 'around', 'jakarta', 'selatan', 'good', 'job', 'dharmawangsa', 'hospit', 'best', 'friend', 'staff', 'nice', 'vibe', 'toproom', 'servic', 'locat']"
The Dharmawangsa Jakarta,Avirzan Rivai,5.0,"['histori', 'build', 'design', 'still', 'persev', 'care', 'well']"
The Dharmawangsa Jakarta,Ajeng Natalia,5.0,"['last', 'visit', 'get', 'afternoon', 'tea', 'famili', 'enjoy', 'cake', 'dharmawangsa', 'chocol', 'martini', 'favorit', 'drink', 'love', 'hotel', 'ambienc', 'nice', 'servic', 'good']"
The Dharmawangsa Jakarta,My life is an Adventure,5.0,"['good', 'hotel', 'south', 'jakarta', 'pool', 'outdoor', 'pool', 'indoor', 'pool', 'hotel', 'also', 'spacious', 'locat', 'dharmawangsa', 'resid', 'food', 'also', 'tasti', 'price', 'imagin', 'five', 'star', 'hotel', 'worth', 'money', 'good', 'staycat', 'much', 'recommend', 'good', 'hospit']"
The Dharmawangsa Jakarta,Ali Aulia Rahman,5.0,"['one', 'truli', 'hidden', 'gem', 'hotel', 'jakarta', 'build', 'tall', 'unlik', 'five', 'star', 'hotel', 'jakarta', 'ambianc', 'soo', 'comfi', 'feel', 'like', 'bali', 'citi', 'jakarta', 'recommend', 'look', 'short', 'escap', 'staycat', 'place']"
The Dharmawangsa Jakarta,Wa Wa,5.0,"['one', 'leafi', 'hotel', 'jakarta', 'comfi', 'larg', 'pool', 'garden', 'like', 'flower', 'aroma', 'everi', 'side', 'room', 'nice']"
The Dharmawangsa Jakarta,Minar Uz Zaman,4.0,"['wonder', 'hotel', 'vast', 'surround', 'larg', 'room', 'great', 'pool', 'famous', 'buffet', 'brunch', 'room', 'servic', 'locat']"
The Dharmawangsa Jakarta,"Prof Mudrajad Kuncoro, PhD",1.0,"['bad', 'hospit', 'mrs', 'nur', 'director', 'event', 'prohibit', 'standard', 'flower', 'put', 'area', 'wed', 'ceremoni', 'without', 'smile', 'apolog', 'said', 'rule', 'hotel', 'ask', 'written', 'rule', 'unabl', 'show', 'written', 'rule', 'disappoint']"
The Dharmawangsa Jakarta,Lilis Sulis,5.0,"['first', 'visit', 'almost', 'year', 'dur', 'global', 'pandem', 'servic', 'still', 'top', 'staff', 'includ', 'secur', 'guard', 'help', 'friend']"
The Dharmawangsa Jakarta,Renae Verboon,5.0,"['stun', 'hotel', 'one', 'privat', 'market', 'jakarta', 'mistaken', 'histor', 'build', 'insid', 'simpli', 'exquisit', 'food', 'restaur', 'also', 'fantast', 'attent', 'detail', 'high', 'staff', 'go', 'beyond', 'give', 'best', 'experi', 'could', 'pool', 'beauti', 'clean', 'relax', 'atmospher']"
Mercure Jakarta Gatot Subroto,Bobby Sukma P.,5.0,"['stay', 'may', 'health', 'protocol', 'implement', 'proper', 'check', 'check', 'process', 'fast', 'room', 'great', 'spacious', 'well', 'decor', 'big', 'comfi', 'bed', 'wardrob', 'minibar', 'workdesk', 'sofa', 'floor', 'ceil', 'big', 'window', 'great', 'view', 'bathroom', 'also', 'nice', 'bathtub', 'amen', 'complet', 'hotel', 'pool', 'quit', 'big', 'great', 'view', 'citi', 'breakfast', 'food', 'option', 'vari', 'tasti', 'overal', 'hotel', 'good', 'recommend']"
Mercure Jakarta Gatot Subroto,Wayne Kruse,5.0,"['comfort', 'room', 'great', 'view', 'nice', 'hotel', 'servic', 'facil', 'includ', 'pool', 'breakfast', 'pleas', 'although', 'would', 'recommend', 'avoid', 'peak', 'time', 'easi', 'access', 'hotel', 'care', 'traffic', 'peak', 'hour', 'hotel', 'take', 'deposit', 'credit', 'card', 'pay', 'extra', 'went']"
Mercure Jakarta Gatot Subroto,Jasmine Kieu,4.0,"['cozi', 'atmospher', 'accommod', 'staff', 'room', 'spacious', 'spectacular', 'view', 'citi', 'hairdryer', 'room', 'need', 'one', 'call', 'recept', 'bring', 'room', 'within', 'minut', 'opinion', 'hotel', 'instal', 'fix', 'hairdryer', 'slot', 'sink', 'area', 'near', 'futur', 'bit', 'disappoint', 'pool', 'though', 'suitabl', 'kid', 'play', 'swim', 'instead', 'adult', 'overal', 'pleasant', 'stay', 'mercur', 'jkt']"
Mercure Jakarta Gatot Subroto,Logan Demir,5.0,"['best', 'hotel', 'far', 'clean', 'bed', 'nice', 'room', 'good', 'price', 'compar', 'hotel', 'probabl', 'best', 'restaur', 'jakarta', 'far', 'staff', 'nice', 'manag', 'ck', 'toler', 'fake', 'behaviour']"
Mercure Jakarta Gatot Subroto,Muhammad Athallah Arsyaf,5.0,"['relat', 'new', 'properti', 'thus', 'fixtur', 'furnish', 'still', 'prime', 'condit', 'stay', 'wed', 'parti', 'got', 'ta', 'say', 'mercur', 'seem', 'go', 'beyond', 'room', 'comfort', 'plush', 'bed', 'like', 'approach', 'took', 'design', 'room', 'love', 'fact', 'shower', 'toilet', 'physic', 'separ', 'glass', 'door', 'hotel', 'divid', 'two', 'servic', 'elev', 'three', 'set', 'take', 'lower', 'floor', 'anoth', 'three', 'set', 'take', 'upper', 'level', 'height', 'play', 'advantag', 'offer', 'breathtak', 'view', 'jakarta', 'night', 'locat', 'wise', 'mercur', 'gatot', 'subroto', 'stone', 'throw', 'away', 'best', 'spot', 'jakarta', 'includ', 'kuningan', 'lrt', 'open', 'mercur', 'would', 'close', 'adjac', 'allow', 'travel', 'easi', 'access', 'public', 'transport', 'look', 'forward', 'recommend', 'hotel', 'other']"
Mercure Jakarta Gatot Subroto,Dewi Tobing (Kurnia),4.0,"['room', 'clean', 'quit', 'spacious', 'consid', 'price', 'upgrad', 'execut', 'room', 'thank', 'accor', 'voucher', 'howev', 'disappoint', 'see', 'staff', 'allow', 'guest', 'wear', 'mask', 'lobbi', 'countri', 'regul', 'mask', 'mandatori', 'outdoor', 'indoor', 'told', 'staff', 'tell', 'guest', 'put', 'mask', 'say', 'anyth', 'sure', 'actual', 'cake', 'also', 'deliv', 'room', 'without', 'cover', 'plastic', 'top', 'plate', 'cover', 'feel', 'comfort', 'eat', 'cake', 'know', 'travel', 'kitchen', 'room', 'without', 'cover', 'good', 'hotel']"
Mercure Jakarta Gatot Subroto,Edwien,5.0,"['locat', 'hotel', 'strateg', 'middl', 'busi', 'center', 'offic', 'govern', 'agenc', 'room', 'design', 'modern', 'quit', 'spacious', 'staff', 'quit', 'friend', 'consider', 'complet', 'breakfast', 'menu', 'public', 'transport', 'taxi', 'conveni', 'front', 'hotel']"
Mercure Jakarta Gatot Subroto,Na Margi,5.0,"['wed', 'venu', 'great', 'intim', 'indoor', 'wed', 'best', 'servic', 'concierg', 'alway', 'someon', 'help', 'lobbi', 'also', 'mani', 'variat', 'food', 'breakfast', 'buffet', 'room', 'servic', 'locat']"
Mercure Jakarta Gatot Subroto,nitro jane,5.0,"['made', 'last', 'minut', 'book', 'due', 'disappoint', 'room', 'hotel', 'book', 'day', 'room', 'spacious', 'clean', 'wide', 'varieti', 'breakfast', 'menu', 'servic', 'good', 'locat', 'minut', 'away', 'scbd', 'would', 'definit', 'stay', 'thing', 'improv', 'park', 'lot', 'smell', 'like', 'garbag']"
Mercure Jakarta Gatot Subroto,Vedanth Gowd,2.0,"['room', 'clean', 'neat', 'locat', 'good', 'biggest', 'issu', 'construct', 'nois', 'floor', 'last', 'day', 'trip', 'request', 'quiet', 'room', 'could', 'get', 'good', 'sleep', 'felt', 'good', 'got', 'th', 'floor', 'turn', 'big', 'nuisanc', 'briefli', 'check', 'could', 'hear', 'nois', 'thought', 'would', 'temporari', 'nois', 'start', 'first', 'thing', 'morn', 'much', 'nois', 'construct', 'top', 'floor', 'woken', 'constant', 'nois', 'call', 'front', 'desk', 'first', 'respons', 'ask', 'secur', 'check', 'got', 'respons', 'even', 'minut', 'call', 'time', 'respons', 'updat', 'room', 'nois', 'expect', 'apolog', 'inconveni', 'felt', 'excus', 'staff', 'well', 'awar', 'situat', 'still', 'accommod', 'guest', 'noisi', 'room']"
Mercure Jakarta Gatot Subroto,Walid SERIR,3.0,"['okay', 'one', 'night', 'recommend', 'check', 'fast', 'room', 'clean', 'wifi', 'good', 'also', 'dolc', 'gusto', 'coffe', 'machin', 'room', 'great', 'secur', 'great', 'attitud', 'help', 'breakfast', 'limit', 'choic', 'tasteless', 'negat', 'hotel', 'staff', 'came', 'room', 'kept', 'ring', 'bell', 'know', 'door', 'sleep', 'woke', 'open', 'door', 'ask', 'cloth', 'laundri', 'rude', 'laundri', 'guy', 'phone', 'ring', 'hotel', 'ask', 'go', 'extend', 'serious', 'pleas', 'stop', 'disturb', 'custom']"
Mercure Jakarta Gatot Subroto,Joo young Kwak,4.0,"['locat', 'hotel', 'perfect', 'near', 'good', 'restaur', 'need', 'reach', 'destin', 'jakarta', 'easi', 'situat', 'middl', 'jakarta', 'food', 'need', 'improv', 'morn', 'buffe', 'could', 'tast', 'better', 'still', 'okay', 'alacard', 'menus', 'qualiti', 'enough', 'order', 'fish', 'n', 'chip', 'salti', 'fish', 'old', 'potato', 'chip', 'well', 'cook', 'staff', 'need', 'improv', 'english', 'especi', 'room', 'servic', 'room', 'size', 'cleaness', 'adequ', 'hous', 'keep', 'quit', 'good', 'job']"
Mercure Jakarta Gatot Subroto,Ria Kartika,5.0,"['often', 'stay', 'hotel', 'usual', 'stay', 'least', 'week', 'hotel', 'hotel', 'locat', 'good', 'close', 'hospit', 'shop', 'mall', 'walk', 'distanc', 'staff', 'friend', 'one', 'realli', 'stand', 'crowd', 'mbak', 'citra', 'housekeep', 'alway', 'clean', 'better', 'rest', 'alway', 'leav', 'welcom', 'note', 'craft', 'handtowel', 'hotel', 'realli', 'proud', 'team', 'hotel', 'alway', 'nice', 'oper', 'downstair', 'let', 'know', 'packag', 'ask', 'anyth', 'could', 'replenish', 'room', 'like', 'soap', 'water', 'etc']"
Mercure Jakarta Gatot Subroto,dian ratnasari,4.0,"['spent', 'wonder', 'night', 'great', 'room', 'great', 'servic', 'cours', 'great', 'breakfast', 'buffet', 'lot', 'choic', 'tasti', 'one', 'problem', 'basement', 'park', 'sooooo', 'tini', 'tanjakannya', 'itu', 'loh', 'sempit', 'banget', 'terjal', 'dan', 'belokannya', 'esktrim', 'gitu', 'mau', 'nangi', 'room', 'servic', 'locat']"
Mercure Jakarta Gatot Subroto,Ade Reza Sunjaya,5.0,"['excel', 'servic', 'staff', 'super', 'kind', 'warm', 'especi', 'mba', 'putri', 'front', 'offic', 'area', 'thank', 'kind', 'servic', 'food', 'tast', 'great', 'facil', 'good', 'amaz', 'view', 'room', 'thank', 'mercur', 'jkt', 'gatot', 'subroto', 'definit', 'stay', 'visit', 'south', 'jakarta', 'room', 'servic', 'locat']"
Mercure Jakarta Gatot Subroto,Billy The Kid,5.0,"['book', 'execut', 'room', 'via', 'accor', 'request', 'high', 'floor', 'away', 'elev', 'got', 'room', 'corner', 'room', 'quit', 'spectacular', 'view', 'outsid', 'side', 'note', 'smoke', 'room', 'pleas', 'inform', 'clean', 'odor', 'proper', 'check', 'room', 'clean', 'enough', 'fresh', 'clean', 'smoke', 'aroma', 'left', 'upon', 'enter', 'big', 'window', 'would', 'greet', 'overlook', 'jakarta', 'citi', 'view', 'best', 'view', 'angl', 'probabl', 'shower', 'area', 'sight', 'standard', 'amen', 'mercur', 'mini', 'fridg', 'cold', 'nespresso', 'machin', 'also', 'refil', 'abl', 'water', 'outsid', 'room', 'wish', 'hotel', 'also', 'provid', 'breakfast', 'great', 'plenti', 'choic', 'highlight', 'probabl', 'yakult', 'fridg', 'pleas', 'take', 'respons', 'also', 'avail', 'tabl', 'overlook', 'sudirman', 'area', 'probabl', 'favorit', 'spot', 'eat', 'hotel', 'locat', 'gatot', 'subroto', 'street', 'lot', 'traffic', 'almost', 'nois', 'outsid', 'nearest', 'transjakarta', 'station', 'tegal', 'parang', 'also', 'easili', 'reach', 'blok']"
Mercure Jakarta Gatot Subroto,Boogie Setiawan,5.0,"['valu', 'money', 'good', 'stay', 'good', 'sleep', 'downsid', 'breakfast', 'offer', 'lot', 'heavi', 'meal', 'breakfast', 'buffet', 'although', 'quit', 'common', 'indonesia', 'would', 'rather', 'lighter', 'option', 'wellroom', 'servic', 'locat']"
Mercure Jakarta Gatot Subroto,Anugrah Bahtiar,1.0,"['bad', 'experi', 'stay', 'hotel', 'wifi', 'aw', 'half', 'hour', 'onlin', 'meet', 'cost', 'time', 'disconnet', 'report', 'issu', 'oper', 'person', 'touch', 'issu', 'solv', 'report', 'recept', 'got', 'noth', 'even', 'come', 'back', 'us', 'progress', 'disappoint', 'servic', 'day', 'mayb', 'ok', 'week', 'work', 'use', 'biggest', 'telco', 'provid', 'also', 'help', 'signal', 'bad', 'come', 'back', 'hotel', 'recommend', 'hotel', 'person', 'stay', 'work', 'purpos', 'onlin']"
Mercure Jakarta Gatot Subroto,Moudy Salsabila,3.0,"['food', 'meh', 'either', 'bland', 'salti', 'lol', 'pastri', 'good', 'either', 'provid', 'whatsapp', 'number', 'incas', 'receptionist', 'answer', 'text', 'respons', 'think', 'useless', 'amen', 'meh', 'lol', 'provid', 'toothbrush', 'sanitari', 'bag', 'bar', 'soap', 'bath', 'gel', 'condit', 'shampoo', 'think', 'bath', 'gel', 'lol']"
Mercure Jakarta Gatot Subroto,Theswagger Burger,1.0,"['stay', 'room', 'room', 'noisi', 'wed', 'function', 'order', 'room', 'servic', 'lunch', 'wait', 'hour', 'call', 'clerk', 'said', 'food', 'way', 'elev', 'wait', 'anoth', 'call', 'clerk', 'tri', 'repeat', 'order', 'food', 'made', 'poor', 'serviceroom', 'servic', 'locat']"
Mercure Jakarta Gatot Subroto,Jenzo C,4.0,"['worth', 'stay', 'hair', 'dryer', 'friend', 'long', 'hair', 'femal', 'wast', 'much', 'time', 'chang', 'heavi', 'duti', 'hair', 'dryer', 'better', 'room', 'servic', 'locat']"
Mercure Jakarta Gatot Subroto,Rini Pujiastuti,5.0,"['comfort', 'pax', 'meet', 'look', 'good', 'new', 'clean', 'lunch', 'prefer', 'restaur', 'locat']"
Mercure Jakarta Gatot Subroto,tepian abu,3.0,"['wrote', 'review', 'midnight', 'third', 'night', 'stay', 'hotel', 'hotel', 'provid', 'us', 'love', 'ambienc', 'cleanli', 'well', 'friend', 'staff', 'bit', 'disappoint', 'due', 'issu', 'check', 'process', 'long', 'queue', 'front', 'recept', 'desk', 'long', 'line', 'peopl', 'wait', 'check', 'space', 'front', 'desk', 'seem', 'limit', 'ensur', 'suffici', 'physic', 'distanc', 'annoy', 'part', 'stay', 'closet', 'room', 'work', 'proper', 'stay', 'three', 'night', 'call', 'engin', 'repair', 'closet', 'everytim', 'complet', 'use', 'wrote', 'wait', 'engin', 'middl', 'night', 'could', 'use', 'closet', 'room', 'third', 'time', 'call', 'engin', 'two', 'day', 'similar', 'incid', 'closet', 'also', 'occur', 'quit', 'disappoint', 'honest']"
Mercure Jakarta Gatot Subroto,Niken Fidiasty,5.0,"['cool', 'meet', 'room', 'great', 'servic', 'spacious', 'restaur', 'room', 'theme', 'like', 'restaur', 'varieti', 'dish', 'western', 'eastern', 'asian', 'indonesian', 'food', 'tast']"
Mercure Jakarta Gatot Subroto,J fransisca,5.0,"['best', 'busi', 'hotel', 'gatot', 'subroto', 'street', 'jakarta', 'citi', 'room', 'pool', 'locat', 'th', 'floor', 'next', 'gym', 'an', 'nice', 'view', 'howev', 'kid', 'pool', 'accord', 'guess', 'depth', 'swim', 'pool', 'metr', 'got', 'room', 'th', 'floor', 'see', 'jakarta', 'citi', 'room']"
Mercure Jakarta Gatot Subroto,Herwiena Estikawaty,5.0,"['room', 'wa', 'spacious', 'scent', 'room', 'comfort', 'gym', 'tool', 'accommod', 'wide', 'rang', 'activ', 'view', 'hhe', 'sunris', 'sunset', 'amaaaziinggg', 'choic', 'food', 'improv', 'howev', 'beyond', 'happi', 'revisit', 'room', 'servic', 'locat']"
Mercure Jakarta Gatot Subroto,Steven Harijanto,2.0,"['good', 'room', 'good', 'clean', 'tidi', 'comfi', 'bed', 'enough', 'amen', 'bad', 'two', 'set', 'lift', 'led', 'differ', 'section', 'floor', 'unlucki', 'get', 'differ', 'lift', 'twice', 'reach', 'breakfast', 'hall', 'gym', 'pool', 'recept', 'seem', 'clueless', 'ongo', 'promo', 'offer', 'normal', 'rate', 'promo', 'price', 'go', 'say', 'said', 'promo', 'valid', 'anymor', 'happen', 'twice', 'extend', 'twice', 'ask', 'around', 'approv', 'info', 'presum', 'market', 'team', 'said', 'promo', 'come', 'free', 'breakfast', 'person', 'restaur', 'full', 'said', 'couldnt', 'come', 'bcs', 'alon', 'coupl', 'person', 'queue', 'allow', 'pic', 'ask', 'get', 'back', 'room', 'wait', 'info', 'eventu', 'info', 'given', 'though', 'day', 'bother', 'creat', 'promo', 'singl', 'person', 'breakfast', 'decid', 'extend', 'twice', 'first', 'book', 'without', 'breakfast', 'first', 'extend', 'tri', 'anoth', 'night', 'breakfast', 'promo', 'next', 'morn', 'aforement', 'review', 'happen', 'alreadi', 'paid', 'nd', 'extend', 'asid', 'room', 'servic', 'expect', 'wont', 'come', 'back']"
Mercure Jakarta Gatot Subroto,Eduard Darmawan,5.0,"['best', 'locat', 'easi', 'access', 'tollroad', 'near', 'scbd', 'room', 'great', 'upgrad', 'studio', 'bathtub', 'need', 'improv', 'basement', 'area', 'smelli', 'limit', 'park', 'space', 'comeback', 'hereroom', 'servic', 'locat']"
Mercure Jakarta Gatot Subroto,Kyra Garment Supplies,4.0,"['stay', 'day', 'hotel', 'clean', 'room', 'comfort', 'food', 'bad', 'provid', 'lt', 'miner', 'water', 'room', 'could', 'ask', 'good', 'housekeep', 'good', 'especi', 'mbak', 'citra', 'alway', 'better', 'job', 'other', 'still', 'good', 'alway', 'clean', 'room', 'through', 'littl', 'disappoint', 'came', 'sale', 'depart', 'call', 'melissa', 'given', 'number', 'fo', 'enquir', 'longer', 'stay', 'see', 'stay', 'day', 'futur', 'plan', 'stay', 'regular', 'messag', 'wa', 'repli', 'rest', 'ignor', 'messag', 'overal', 'great', 'hotel', 'stay', 'locat', 'close', 'mani', 'shop', 'mall']"
Mercure Jakarta Gatot Subroto,Yasmin SAJA,2.0,"['servic', 'slow', 'bit', 'disappoint', 'came', 'hotel', 'pm', 'wait', 'hour', 'sinc', 'smoke', 'room', 'readi', 'yet', 'allow', 'children', 'yo', 'gym', 'area', 'without', 'guidanc', 'restrict', 'children', 'yo', 'gym', 'equip', 'child', 'friend', 'danger', 'children']"
grandkemang Jakarta,william sandler,2.0,"['loud', 'band', 'play', 'til', 'loud', 'guest', 'room', 'window', 'shake', 'door', 'knob', 'vibrat', 'imag', 'mirror', 'distort', 'beat', 'make', 'sleep', 'concentr', 'imposs', 'room', 'larg', 'balconi', 'window', 'open', 'control', 'light', 'ac', 'etc', 'year', 'old', 'bedsid', 'consul', 'antiqu', 'still', 'work', 'smell', 'room', 'musti', 'toilet', 'requir', 'multipl', 'handl', 'jiggl', 'turn', 'locat', 'excel', 'everyth', 'close', 'hotel', 'need', 'renov', 'modern', 'done', 'overpay', 'room', 'around', 'usd', 'right', 'condit', 'qualiti', 'older', 'properti', 'wifi', 'strength', 'mix', 'depend', 'larg', 'properti']"
grandkemang Jakarta,Dody Barus,3.0,"['locat', 'heart', 'kemang', 'south', 'jakarta', 'mani', 'place', 'go', 'around', 'walk', 'distanc', 'nice', 'place', 'alreadi', 'effort', 'anoth', 'differ', 'stori', 'face', 'common', 'high', 'traffic', 'congest', 'properti', 'usual', 'nice', 'place', 'spend', 'weekend', 'spacious', 'clean', 'room', 'well', 'decor', 'one', 'complaint', 'watter', 'suppli', 'bath', 'room', 'shower', 'weak', 'room', 'noth', 'complaint', 'last', 'month', 'month', 'ask', 'deposit', 'per', 'stay', 'realli', 'conveni', 'im', 'look', 'forward', 'find', 'altern', 'cos', 'new', 'polici']"
grandkemang Jakarta,Belinda xie,5.0,"['event', 'coff', 'e', 'break', 'snack', 'good', 'hotel', 'surround', 'silent', 'cozi', 'access', 'hotel', 'recommend', 'caus', 'size', 'road']"
grandkemang Jakarta,guruprasad kukian,4.0,"['good', 'place', 'stay', 'clean', 'tidi', 'room', 'breakfast', 'option', 'also', 'awesom', 'explor', 'lot', 'caf', 'restaur', 'around', 'hotel', 'locat', 'around', 'lot']"
grandkemang Jakarta,Ferry Farozdaq,1.0,"['hotel', 'dissapoint', 'servic', 'today', 'made', 'book', 'night', 'tonight', 'night', 'ahead', 'somehow', 'made', 'mistak', 'book', 'date', 'voucher', 'via', 'traveloka', 'state', 'start', 'august', 'instead', 'august', 'tri', 'explain', 'receptionist', 'made', 'wrong', 'order', 'ask', 'help', 'contact', 'traveloka', 'chang', 'date', 'inform', 'previous', 'case', 'could', 'clear', 'hotel', 'staff', 'help', 'show', 'evid', 'well', 'receptionist', 'said', 'without', 'effort', 'willing', 'help', 'gave', 'reason', 'voucher', 'non', 'refund', 'make', 'chang', 'keep', 'schedul', 'let', 'money', 'gone', 'dissappoint', 'stay', 'hotel', 'mani', 'time', 'visit', 'jakarta', 'treat', 'custom', 'like', 'ask', 'avail', 'room', 'said', 'help', 'propos', 'sorri', 'say', 'last', 'time', 'made', 'book', 'hotel', 'mani', 'hotel', 'treat', 'custom', 'better', 'sure']"
grandkemang Jakarta,ku azmie,3.0,"['shower', 'need', 'improv', 'hot', 'water', 'hot', 'room', 'servic', 'excel', 'breakfast', 'need', 'improv', 'mani', 'choic', 'food', 'room', 'servic', 'locat']"
grandkemang Jakarta,Rahul Agarwal,1.0,"['room', 'poor', 'maintain', 'noisi', 'music', 'outsid', 'make', 'imposs', 'sleep', 'toilet', 'dirti', 'well', 'equip', 'liquid', 'soap', 'provid', 'nowher', 'place', 'shower', 'put', 'floor', 'pick', 'time', 'attent', 'detail', 'room', 'servic', 'locat']"
grandkemang Jakarta,Evi Wijaya,5.0,"['hotel', 'clean', 'staff', 'friend', 'room', 'servic', 'fast', 'kemang', 'realli', 'good', 'place', 'stay']"
grandkemang Jakarta,The Mawahiburahman,1.0,"['poor', 'servic', 'come', 'recept', 'met', 'ladi', 'incharg', 'ask', 'local', 'phone', 'number', 'ask', 'back', 'check', 'number', 'googl', 'send', 'email', 'director', 'sale', 'give', 'suggest', 'fo', 'staff', 'improv', 'feel', 'soul', 'serv', 'represen', 'brand', 'respond', 'well', 'hope', 'team', 'improv', 'servic', 'owner', 'bpk', 'kemal', 'notic', 'small', 'thing', 'impact', 'hotel']"
grandkemang Jakarta,Rajeev Munankami,4.0,"['room', 'good', 'size', 'toilet', 'fit', 'old', 'get', 'surpris', 'find', 'cockroachesroom', 'servic', 'locat']"
grandkemang Jakarta,Sam ‚Äúkuripiku‚Äù Nugo,5.0,"['alhamdulillah', 'cozi', 'place', 'stay', 'room', 'good', 'bed', 'comfort', 'mani', 'space', 'sitdown', 'relax', 'lobbi', 'food', 'also', 'good', 'room', 'servic', 'locat']"
grandkemang Jakarta,R C L,4.0,"['locat', 'wise', 'great', 'hotel', 'easi', 'walk', 'place', 'kemang', 'otherwis', 'basic', 'ok', 'hotel', 'stay', 'short', 'trip', 'room', 'servic', 'locat']"
grandkemang Jakarta,Peter Stolk,5.0,"['grandkemang', 'grand', 'old', 'ladi', 'hotel', 'stay', 'travel', 'bring', 'kemang', 'south', 'jakarta', 'general', 'mani', 'year', 'oper', 'properti', 'seen', 'sever', 'renov', 'keep', 'time', 'like', 'hotel', 'covid', 'period', 'busi', 'challeng', 'howev', 'recent', 'visit', 'note', 'properti', 'clean', 'well', 'maintain', 'keep', 'good', 'work', 'look', 'forward', 'next', 'visit', 'grandkemang']"
grandkemang Jakarta,M. Ridlo Akbar,4.0,"['surpris', 'spacious', 'room', 'hotel', 'friend', 'staff', 'better', 'reskin', 'repaint', 'rewallpapp', 'room', 'servic', 'locat']"
grandkemang Jakarta,Sean Muniandy,1.0,"['good', 'locat', 'within', 'kemang', 'area', 'rest', 'hotel', 'question', 'live', 'kemang', 'year', 'hotel', 'mani', 'time', 'current', 'stay', 'aw', 'room', 'dirti', 'towel', 'run', 'disgust', 'first', 'day', 'even', 'one', 'bed', 'cover', 'old', 'even', 'wet', 'yesterday', 'room', 'carpet', 'dirti', 'would', 'never', 'walk', 'barefoot', 'ac', 'even', 'work', 'first', 'day', 'book', 'grand', 'delux', 'room', 'arrang', 'delux', 'upon', 'arriv', 'pretend', 'know', 'book', 'today', 'pm', 'bed', 'discov', 'small', 'miniatur', 'flight', 'everyth', 'hotel', 'shame', 'dirti', 'read', 'mani', 'negat', 'comment', 'hotel', 'sinc', 'check', 'last', 'time', 'stay', 'shame', 'grand', 'kemang', 'manag']"
grandkemang Jakarta,Rita Puspita Sari,1.0,"['hot', 'water', 'even', 'tri', 'complain', 'said', 'standard', 'wonder', 'room', 'rate', 'realli', 'cheap', 'room', 'servic', 'locat']"
grandkemang Jakarta,Rifqi Hatta,3.0,"['great', 'hospit', 'bed', 'comfi', 'food', 'great', 'howev', 'gym', 'maintain', 'well', 'water', 'dispens', 'empti', 'room', 'pretti', 'untidi', 'room', 'stay', 'dirti', 'carpet', 'room', 'servic', 'locat']"
grandkemang Jakarta,Lasta Dewi Sianturi,5.0,"['hotel', 'uniqu', 'hotel', 'middl', 'south', 'jakarta', 'old', 'build', 'still', 'stun', 'room', 'servic', 'locat']"
grandkemang Jakarta,K M,5.0,"['nice', 'place', 'stay', 'prefer', 'choic', 'due', 'locat', 'shop', 'bar', 'close', 'room', 'servic', 'locat']"
grandkemang Jakarta,J T,3.0,"['quarantin', 'week', 'travel', 'wasnt', 'perfect', 'think', 'two', 'biggest', 'complaint', 'bar', 'play', 'loud', 'music', 'night', 'nextdoor', 'room', 'near', 'got', 'unlucki', 'coupl', 'meal', 'pretti', 'bad', 'like', 'gross', 'like', 'fridg', 'long', 'microwav', 'like', 'crazi', 'overal', 'stay', 'pretti', 'good', 'though', 'especi', 'price', 'food', 'decent', 'exclud', 'coupl', 'time', 'old', 'one', 'time', 'order', 'la', 'cart', 'burger', 'big', 'cook', 'fresh', 'delici', 'higher', 'qualiti', 'general', 'quarantin', 'food', 'staff', 'friend', 'although', 'didnt', 'speak', 'good', 'english', 'everyth', 'room', 'general', 'clean', 'function', 'consid', 'well', 'probabl', 'would', 'book', 'place', 'coupl', 'time', 'bad', 'food', 'music', 'much', 'alright', 'though', 'non', 'quarantin', 'stay', 'place', 'seem', 'nice']"
grandkemang Jakarta,Wildan Baraba,4.0,"['cool', 'place', 'kind', 'art', 'galleri', 'lobbi', 'check', 'fast', 'accomod', 'need', 'strateg', 'locat', 'bustl', 'kemang', 'area', 'park', 'area', 'rather', 'larg', 'mani', 'guest', 'end', 'park', 'basement', 'big', 'deal', 'room', 'spacious', 'quit', 'old', 'give', 'view', 'build', 'wall', 'comfort', 'open', 'room', 'curtain', 'breakfast', 'tast', 'deliv', 'breakfast', 'room', 'well', 'guess', 'busi', 'morn', 'sinc', 'lot', 'govern', 'event']"
grandkemang Jakarta,Febby Sabatira,1.0,"['probabl', 'worst', 'star', 'hotel', 'ive', 'ever', 'stay', 'night', 'night', 'hotel', 'black', 'minut', 'night', 'staff', 'stop', 'receiv', 'call', 'pm', 'chang', 'room', 'time', 'someth', 'alway', 'broken', 'ac', 'toilet', 'went', 'downstair', 'front', 'desk', 'request', 'someth', 'room', 'never', 'deliv', 'call', 'one', 'never', 'front', 'desk', 'room', 'servic', 'concierg', 'oper', 'dont', 'refil', 'soap', 'shampoo', 'also', 'chang', 'toilet', 'paper', 'previous', 'guest', 'room', 'dusti', 'would', 'never', 'comeback']"
grandkemang Jakarta,ÎòêÎòêÎãà,3.0,"['tri', 'provid', 'kind', 'good', 'servic', 'room', 'air', 'condition', 'bed', 'towel', 'old', 'smelli', 'mani', 'food', 'morn', 'tast', 'good', 'even', 'nasi', 'goreang', 'delici', 'room', 'servic', 'food', 'recommend', 'advantag', 'close', 'kemangmal']"
grandkemang Jakarta,arka nanta,1.0,"['day', 'nye', 'call', 'hous', 'keep', 'time', 'clean', 'room', 'respons', 'press', 'make', 'button', 'leav', 'hour', 'night', 'came', 'back', 'room', 'clean', 'yet', 'think', 'terribl', 'star', 'hotel', 'ever', 'seen', 'far', 'rememb', 'hotel', 'locat', 'south', 'jakarta', 'feel', 'like']"
grandkemang Jakarta,Penjelajah BUMI,1.0,"['leav', 'secur', 'bellboy', 'behind', 'transport', 'belong', 'checkout', 'treat', 'left', 'belong', 'behind', 'potenti', 'crimin', 'tri', 'photo', 'id', 'without', 'consent', 'pick', 'one', 'receptionist', 'told', 'swift', 'take', 'photo', 'smartphon', 'without', 'explain', 'need', 'understand', 'follow', 'sop', 'told', 'manag', 'forc', 'record', 'person', 'data', 'invad', 'custom', 'privaci', 'show', 'passport', 'let', 'note', 'data', 'howev', 'satisfi', 'inconsider', 'potenti', 'ident', 'theft', 'custom', 'edit', 'recommend', 'quarantin', 'stay', 'often', 'late', 'underserv', 'deliv', 'food', 'distribut', 'passport', 'imag', 'via', 'whatsapp', 'airport']"
grandkemang Jakarta,Bhita Hervita,3.0,"['stay', 'coupl', 'night', 'upon', 'room', 'clean', 'even', 'put', 'trash', 'also', 'wifi', 'bad', 'even', 'refil', 'toilet', 'tissu', 'tv', 'old', 'remot', 'lost', 'push', 'button', 'check', 'mani', 'night', 'peopl', 'gon', 'na', 'stay', 'give', 'card', 'key', 'use', 'night', 'go', 'back', 'receptionist', 'twice', 'room', 'far', 'high', 'redo', 'card', 'key', 'annoy', 'lift', 'old', 'slow', 'plus', 'size', 'room', 'spacious']"
grandkemang Jakarta,Raiyan Laksamana,1.0,"['albeit', 'middl', 'kemang', 'hotel', 'old', 'poor', 'maintain', 'musti', 'ventil', 'air', 'room', 'servic', 'locat']"
grandkemang Jakarta,Harry Ferdiansyah,5.0,"['five', 'star', 'locat', 'prayer', 'room', 'somehow', 'lost', 'way', 'meet', 'room', 'basement', 'oh', 'need', 'provid', 'lift', 'meet', 'room', 'abil', 'use', 'stair']"
grandkemang Jakarta,Leon Leon,1.0,"['th', 'dec', 'reserv', 'one', 'room', 'grandkemang', 'new', 'year', 'eve', 'use', 'agoda', 'st', 'dec', 'daughter', 'arriv', 'p', 'hotel', 'came', 'town', 'outsid', 'jakarta', 'went', 'recept', 'check', 'frustrat', 'learn', 'receptionist', 'william', 'could', 'find', 'reserv', 'problem', 'unbeliev', 'receiv', 'confirm', 'agoda', 'paid', 'full', 'ask', 'check', 'agoda', 'said', 'fault', 'agoda', 'agoda', 'confirm', 'room', 'paid', 'know', 'real', 'problem', 'sinc', 'reserv', 'system', 'howev', 'custom', 'never', 'expect', 'kind', 'thing', 'happen', 'particular', 'sinc', 'alreadi', 'paid', 'full', 'new', 'year', 'eve', 'would', 'hard', 'find', 'anoth', 'hotel', 'mention', 'traffic', 'jakarta', 'would', 'crowd', 'night', 'daughter', 'wander', 'around', 'find', 'avail', 'hotel', 'daughter', 'stood', 'front', 'recept', 'hour', 'nobodi', 'offer', 'us', 'sit', 'find', 'solut', 'also', 'let', 'person', 'queu', 'behind', 'us', 'unbeliev', 'could', 'add', 'anoth', 'check', 'counter', 'least', 'ask', 'sit', 'resolv', 'issu', 'still', 'believ', 'treat', 'custom', 'sinc', 'find', 'solut', 'offer', 'recept', 'ask', 'talk', 'manag', 'manag', 'final', 'offer', 'daughter', 'sit', 'emphas', 'agoda', 'fault', 'noth', 'ask', 'could', 'help', 'find', 'anoth', 'hotel', 'said', 'need', 'wait', 'agoda', 'pic', 'contact', 'difficult', 'grand', 'kemang', 'could', 'help', 'mom', 'daughter', 'find', 'place', 'stay', 'help', 'consid', 'pay', 'account', 'new', 'hotel', 'manag', 'also', 'said', 'help', 'could', 'offer', 'contact', 'agoda', 'relat', 'issu', 'agoda', 'team', 'would', 'contact', 'howev', 'receiv', 'phone', 'email', 'around', 'p', 'also', 'final', 'decid', 'leav', 'hotel', 'daughter', 'alreadi', 'tire', 'wait', 'someth', 'uncertain', 'final', 'agoda', 'email', 'came', 'p', 'offer', 'refund', 'find', 'anoth', 'accommod', 'think', 'late', 'alreadi', 'tire', 'lousi', 'servic', 'never', 'reserv', 'room', 'agoda', 'grand', 'kemang', 'grand', 'kemang', 'think', 'agoda', 'bad', 'travel', 'agent', 'per', 'suggest', 'discuss', 'would', 'still', 'collabor', 'would', 'disappoint', 'next', 'custom', 'mayb', 'custom', 'prioriti', 'end', 'want', 'say', 'thank', 'agoda', 'grandkemang', 'make', 'worst', 'new', 'year', 'eve', 'daughter']"
grandkemang Jakarta,iim hs,2.0,"['dear', 'grandkemang', 'pleas', 'consid', 'input', 'star', 'hotel', 'expect', 'especi', 'staff', 'first', 'second', 'day', 'stay', 'upgrad', 'keycard', 'ask', 'receptionist', 'whether', 'upgrad', 'tomorrow', 'ask', 'long', 'stay', 'could', 'didnt', 'know', 'length', 'stay', 'guest', 'ask', 'upgrad', 'key', 'card', 'everi', 'day', 'second', 'ask', 'laundri', 'servic', 'peopl', 'recepsionist', 'talk', 'dont', 'know', 'third', 'ask', 'could', 'use', 'welcom', 'drink', 'said', 'dont', 'know', 'exact', 'know', 'need', 'put', 'attent', 'room', 'carpet', 'full', 'dust', 'cutleri', 'left', 'two', 'day', 'alley', 'disturb', 'pleasant', 'experi', 'hope', 'guy', 'could', 'improv', 'servic', 'custom', 'rememb', 'star', 'hotel', 'golden', 'area', 'jakarta']"
Park Regis Arion,Ulyan Khalif,5.0,"['staff', 'friend', 'room', 'feel', 'vintag', 'clean', 'food', 'ok', 'room', 'servic', 'locat']"
Park Regis Arion,Marteen,4.0,"['attend', 'special', 'occat', 'event', 'th', 'idfb', 'anniversari', 'lobbi', 'hotel', 'ballroom', 'look', 'nice', 'clean', 'staff', 'enter', 'gate', 'loobi', 'friend', 'helpful', 'niceeeservic', 'locat']"
Park Regis Arion,Yosep JNK,2.0,"['stay', 'two', 'day', 'call', 'delux', 'room', 'realli', 'bad', 'onboard', 'experi', 'hotel', 'first', 'room', 'assign', 'disast', 'room', 'telephon', 'work', 'neither', 'temperatur', 'control', 'toilet', 'bowl', 'yellow', 'stain', 'shower', 'head', 'rusti', 'even', 'closet', 'door', 'also', 'stuck', 'ask', 'receptionist', 'anoth', 'room', 'told', 'stay', 'discuss', 'room', 'technician', 'agre', 'move', 'anoth', 'room', 'thing', 'great', 'hotel', 'locat']"
Park Regis Arion,Adhitya Pratama,4.0,"['perfect', 'locat', 'mani', 'walk', 'distanc', 'cafe', 'restaur', 'convini', 'store', 'nearbyroom', 'servic', 'locat']"
Park Regis Arion,Tony Willoughby,2.0,"['perhap', 'experi', 'due', 'covid', 'restrict', 'horrid', 'stay', 'general', 'ambianc', 'hotel', 'averag', 'room', 'age', 'servic', 'non', 'exist', 'toilet', 'flush', 'proper', 'noisi', 'refil', 'hot', 'water', 'electr', 'kettl', 'coffe', 'tea', 'servic', 'shower', 'hand', 'soap', 'wifi', 'slow', 'frequent', 'disconnect', 'paid', 'extra', 'breakfast', 'servic', 'inform', 'would', 'deliv', 'room', 'due', 'lockdown', 'someon', 'would', 'call', 'even', 'take', 'order', 'first', 'even', 'nobodi', 'call', 'miss', 'breakfast', 'earli', 'meet', 'next', 'even', 'someon', 'call', 'took', 'order', 'deliveri', 'still', 'breakfast', 'depart', 'train', 'station', 'better', 'option', 'within', 'walk', 'distanc', 'hotel', 'look', 'elsewher']"
Park Regis Arion,genouva scooterholic,5.0,"['realli', 'happi', 'comfort', 'stay', 'thank', 'ms', 'henyroom', 'servic', 'locat']"
Park Regis Arion,merry widiastuti,4.0,"['old', 'hotel', 'old', 'interior', 'expect', 'muchroom', 'servic', 'locat']"
Park Regis Arion,JJ TV,4.0,"['old', 'clean', 'ok', 'select', 'breakfast']"
Park Regis Arion,Lidyamelia,4.0,"['boutiqu', 'hotel', 'suffici', 'facil', 'clean', 'present', 'courteous', 'staff', 'great', 'locat', 'despit', 'traffic', 'strateg', 'locat', 'kemang', 'alway', 'traffic', 'weekend', 'commut', 'walk', 'nearbi', 'cafe', 'restaur', 'clean', 'small', 'rooftop', 'pool', 'one', 'perk', 'howev', 'provid', 'towel', 'bring', 'towel', 'gym', 'equip', 'need', 'updat', 'superior', 'room', 'decent', 'size', 'everyth', 'requir', 'comfort', 'stay']"
Park Regis Arion,atik ambarwati,5.0,"['visit', 'stay', 'hotel', 'sinc', 'name', 'still', 'grand', 'flora', 'love', 'design', 'build', 'alway', 'give', 'feel', 'calm', 'like', 'ambienc', 'lobbi', 'crowd', 'mani', 'wed', 'usual', 'held', 'hotel', 'build', 'look', 'eleg', 'without', 'look', 'massiv', 'larg', 'although', 'build', 'old', 'hotel', 'manag', 'seem', 'work', 'hard', 'maintain', 'fresh', 'charm', 'ambienc', 'build', 'like', 'rememb', 'past']"
Park Regis Arion,hupron fadilah,5.0,"['servic', 'excel', 'strateg', 'locat', 'easi', 'access', 'recommend', 'meet', 'enjoy', 'food', 'famili', 'time', 'jakarta']"
Park Regis Arion,Peter,5.0,"['one', 'best', 'hotel', 'ever', 'stay', 'kemang', 'area', 'south', 'jakarta', 'stay', 'execut', 'lux', 'suit', 'view', 'kemang', 'nice', 'live', 'room', 'room', 'recent', 'renov', 'clean', 'nice', 'bed', 'sleep', 'breakfast', 'everyday', 'differ', 'tasti', 'staff', 'awesom', 'help', 'everyth', 'need', 'general', 'manag', 'mr', 'deva', 'nice', 'person', 'realli', 'will', 'help', 'everyth', 'ask', 'recommend', 'everyon', 'stay']"
Park Regis Arion,Isa Adi S,5.0,"['good', 'servic', 'nice', 'room', 'superior', 'good', 'locat', 'kemang', 'stay', 'quarantin', 'period', 'work', 'offshor', 'covid', 'pandem', 'work', 'tight', 'protocol', 'make', 'sure', 'dont', 'need', 'leav', 'room', 'pcr', 'test', 'negat', 'check', 'recommend', 'quarantin', 'covid', 'outbreak', 'protect', 'love', 'one']"
Park Regis Arion,Camille Secioria,5.0,"['nice', 'place', 'stay', 'busi', 'area', 'great', 'servic', 'price', 'afford', 'definit', 'back']"
Park Regis Arion,Krish,4.0,"['place', 'good', 'price', 'thing', 'disappoint', 'shower', 'need', 'wait', 'almost', 'min', 'hot', 'water', 'come', 'give', 'start', 'room', 'realli', 'big', 'clean', 'room', 'servic', 'good', 'certain', 'worth', 'pay', 'thing', 'need', 'rememb', 'guy', 'say', 'yes', 'everyth', 'assum', 'understood', 'enquir', 'dish', 'order', 'anoth', 'dish', 'end', 'get']"
Park Regis Arion,Suradi Bandung,5.0,"['nice', 'hotel', 'good', 'locationroom', 'servic', 'locat']"
Park Regis Arion,Handra Cs,4.0,"['hotel', 'quit', 'nice', 'room', 'quit', 'spacious', 'includ', 'bathroom', 'gym', 'swim', 'pool', 'spa', 'massag', 'among', 'other', 'staff', 'quit', 'friend', 'well', 'recommend', 'peopl', 'busi', 'trip', 'afford', 'price', 'near', 'kemang']"
Park Regis Arion,Menik Bud,4.0,"['went', 'read', 'review', 'bit', 'worri', 'hotel', 'would', 'good', 'arriv', 'actual', 'bad', 'enough', 'room', 'size', 'spacious', 'bathroom', 'hot', 'shower', 'clean', 'weird', 'smell', 'old', 'interior', 'design', 'realli', 'noth', 'matter', 'even', 'look', 'classic', 'internet', 'connect', 'suffici', 'tri', 'dinner', 'buffet', 'fine', 'tasti', 'food', 'eventhough', 'dessert', 'ok', 'overal', 'worth', 'stay', 'especi', 'realli', 'want', 'stay', 'around', 'kemang', 'area', 'spacious', 'park', 'lot', 'medium', 'size', 'hotel']"
Park Regis Arion,Pius Wisnugraha Trias,2.0,"['even', 'health', 'check', 'entri', 'hand', 'sanit', 'public', 'area', 'except', 'front', 'desk', 'resto', 'hot', 'water', 'work', 'good', 'towel', 'smell', 'bad', 'resto', 'menu', 'tast', 'good', 'hotel', 'staff', 'polit', 'help']"
Park Regis Arion,Hani Adelia,5.0,"['pretti', 'good', 'place', 'stay', 'room', 'clean', 'servic', 'realli', 'good', 'come', 'check', 'meet', 'room', 'quit', 'cheaper', 'hotel', 'know', 'huge', 'tall', 'kind', 'luxuri', 'hotel', 'aswel', 'worth']"
Park Regis Arion,Mark Kilner,3.0,"['recent', 'refurbish', 'star', 'room', 'hotel', 'kemang', 'main', 'street', 'star', 'price', 'room', 'tile', 'carpet', 'refurbish', 'extend', 'bathroom', 'room', 'spray', 'bed', 'bug', 'infest', 'time', 'dec', 'water', 'shower', 'warm', 'best', 'throughout', 'hotel', 'room', 'safe', 'could', 'open', 'mini', 'bar', 'stock', 'servic', 'friend', 'housekeep', 'lack', 'vacuum', 'cleaner', 'clean', 'thin', 'room', 'rug', 'coffe', 'tabl']"
Park Regis Arion,zul khaidir,3.0,"['featur', 'dont', 'like', 'mayb', 'import', 'quit', 'sensit', 'food', 'delici', 'lcd', 'fix', 'lcd', 'still', 'portabl', 'one', 'sometim', 'low', 'contrast', 'lift', 'button', 'sing', 'light', 'although', 'still', 'function', 'plus', 'point', 'offic', 'kind', 'although', 'quit', 'strateg', 'locat', 'mini', 'mart', 'minut', 'walk', 'also', 'room', 'iron', 'hair', 'dryer', 'avail', 'swim', 'gym', 'locat', 'seventh', 'floor']"
Park Regis Arion,Naftali Halberstadt,3.0,"['okay', 'servic', 'proper', 'without', 'anyon', 'take', 'initi', 'room', 'redon', 'decad', 'ago', 'breakfast', 'less', 'inspir', 'includ', 'room', 'quick', 'close', 'breakfast', 'ventur', 'day', 'work', 'luxuri']"
Park Regis Arion,Radityo Agung Prabowo,4.0,"['came', 'seminar', 'didnt', 'stay', 'hotel', 'snack', 'coffe', 'break', 'nice', 'odd', 'serv', 'pude', 'without', 'give', 'spoon', 'tissu', 'lunch', 'menu', 'nice', 'much', 'varieti', 'park', 'lot', 'wasnt', 'spacious', 'sure', 'come', 'earli', 'fo', 'event']"
Park Regis Arion,Mia Salima,1.0,"['chang', 'room', 'got', 'bad', 'room', 'interior', 'room', 'everyth', 'look', 'dirti', 'got', 'babi', 'cockroach', 'room', 'give', 'new', 'room', 'differ', 'floor', 'reason', 'everyth', 'renov', 'pleas', 'least', 'explain', 'first', 'place', 'bad']"
Park Regis Arion,Dela,3.0,"['hotel', 'notic', 'street', 'locat', 'kemang', 'cool', 'place', 'surround', 'hotel', 'interior', 'look', 'sophist', 'old', 'servic', 'awesom', 'room', 'comfi', 'price', 'howev', 'food', 'serv', 'good', 'star', 'hotel', 'like', 'park', 'regi', 'sad', 'know', 'think', 'improv', 'cook', 'serv', 'kind', 'food', 'othersid', 'mani', 'promot', 'guest', 'enjoy', 'fav', 'promo', 'cake', 'pm', 'hour', 'cake', 'delici', 'order', 'room', 'would', 'like', 'know', 'ask', 'receptionist', 'check', 'thw', 'meet', 'room', 'well', 'equip', 'howev', 'room', 'small', 'anoth', 'thing', 'improv', 'cleanli', 'around', 'over', 'think', 'well']"
Park Regis Arion,Ivan Yudhi,3.0,"['must', 'say', 'bit', 'disappoint', 'hotel', 'stay', 'almost', 'two', 'week', 'job', 'actual', 'first', 'time', 'ever', 'stay', 'hotel', 'jakarta', 'famili', 'live', 'citi', 'breakfast', 'subpar', 'serv', 'pretti', 'much', 'thing', 'everi', 'day', 'cancel', 'breakfast', 'packag', 'second', 'week', 'rather', 'walk', 'bit', 'indomaret', 'starbuck', 'get', 'snack', 'coffe', 'breakfast', 'room', 'quit', 'old', 'look', 'nice', 'stay', 'execut', 'room', 'day', 'slide', 'door', 'broke', 'phone', 'also', 'broke', 'day', 'overal', 'think', 'stay', 'stay', 'kemang', 'area', 'rather', 'tri', 'grand', 'kemang', 'much', 'hotel']"
Park Regis Arion,adi purnomo,4.0,"['good', 'star', 'hotel', 'food', 'ok', 'eventhough', 'dessert', 'expect', 'meet', 'room', 'quit', 'descent', 'overal', 'clean', 'well', 'mainten', 'hotel', 'staff', 'quit', 'friend', 'good', 'option', 'budget', 'hotel', 'around', 'kemang']"
Park Regis Arion,Audi Kasbara,4.0,"['upscal', 'medium', 'size', 'hotel', 'heart', 'kemang', 'offer', 'cozi', 'ambient', 'casual', 'atmospher', 'amen', 'requir', 'star', 'hotel', 'dine', 'loung', 'cafe', 'club', 'meet', 'room', 'fit', 'area', 'swim', 'pool', 'etc']"
Park Regis Arion,Satya Rahadhian,5.0,"['use', 'swiss', 'bell', 'arion', 'hotel', 'strateg', 'locationroom', 'servic', 'locat']"
